user,bot
Apa itu Smart Energy Management Box?,Smart Energy Management Box adalah alat berbasis IoT dan AI untuk memantau serta mengontrol penggunaan listrik di rumah tangga agar lebih efisien.
Bagaimana cara kerja Smart Energy Management Box?,"Alat ini mengumpulkan data konsumsi listrik dari perangkat, menganalisis pola penggunaan, lalu memberi rekomendasi penghematan energi atau otomatis mematikan perangkat boros."
Apa manfaat Smart Energy Management Box untuk rumah tangga?,"Manfaatnya antara lain mengurangi biaya listrik, mencegah pemborosan energi, dan meningkatkan kesadaran pengguna dalam memakai listrik secara bijak."
Apa perangkat rumah tangga yang paling boros listrik?,"Biasanya AC, kulkas, dan mesin cuci menempati urutan paling tinggi dalam konsumsi energi rumah tangga."
Bagaimana cara menghemat listrik di rumah?,"Matikan perangkat saat tidak digunakan, gunakan lampu hemat energi, atur jadwal penggunaan AC, dan manfaatkan sensor otomatis untuk pengendalian perangkat."
Apa itu IoT dalam konteks energi?,"IoT adalah teknologi yang menghubungkan perangkat elektronik sehingga bisa saling bertukar data. Dalam energi, IoT membantu memantau penggunaan listrik secara real-time."
Apa peran AI dalam sistem energi pintar?,"AI digunakan untuk menganalisis data konsumsi listrik, memprediksi pola penggunaan, serta memberi rekomendasi penghematan secara otomatis."
Apa itu smart city?,"Smart city adalah kota yang memanfaatkan teknologi digital, IoT, dan energi terbarukan untuk meningkatkan efisiensi, kenyamanan, dan keberlanjutan hidup warganya."
Bagaimana IoT membantu efisiensi energi?,"IoT memungkinkan perangkat untuk dipantau dan dikendalikan jarak jauh, sehingga konsumsi energi bisa dikurangi dengan otomatisasi dan pengaturan yang tepat."
Mengapa penghematan energi penting?,"Penghematan energi penting untuk menurunkan biaya listrik, menjaga lingkungan, dan mendukung ketersediaan energi berkelanjutan."
"menurutmu apakah nilai listrik bisa naik seiring waktu???","Kemungkinan besar ya.  Biaya produksi energi, inflasi, dan investasi infrastruktur  dapat menyebabkan kenaikan harga listrik seiring waktu.  Namun,  besaran dan frekuensi kenaikannya bergantung pada banyak faktor, termasuk kebijakan pemerintah dan perkembangan teknologi."
oh gimana kok bisa mempengaruhi,"Pengaruh apa yang dimaksud?  Tolong jelaskan lebih detail apa yang ingin Anda ketahui pengaruhnya.  Saya butuh informasi lebih lanjut untuk menjawab pertanyaan Anda dengan tepat.  Misalnya, pengaruh apa terhadap apa?"
kayak pengaruh apa inflasi kepada kenaikan harga listrik sama kualitas listriknya,"Inflasi secara umum dapat mendorong kenaikan harga listrik karena peningkatan harga bahan bakar, komponen, dan tenaga kerja yang digunakan dalam produksi dan distribusi energi.  Kualitas listrik sendiri  kurang langsung terpengaruh inflasi, tetapi jika perusahaan listrik mengalami kesulitan finansial akibat inflasi tinggi,  investasi dalam pemeliharaan dan peningkatan infrastruktur mungkin tertunda, yang pada akhirnya bisa berdampak pada kualitas pasokan listrik.  Jadi, inflasi lebih berpengaruh pada *harga* listrik daripada *kualitasnya*, meskipun dampak tidak langsung pada kualitas tetap mungkin terjadi."
apa itu smart energy management box,Smart Energy Management Box adalah alat berbasis IoT dan AI untuk memantau serta mengontrol penggunaan listrik di rumah tangga agar lebih efisien.
cara kerjanya?,"Saya bekerja dengan memantau dan menganalisis penggunaan energi rumah Anda secara real-time.  Data ini didapat dari berbagai sumber, seperti meteran listrik pintar dan sensor yang terhubung.  Berdasarkan data tersebut, saya dapat mengidentifikasi pola penggunaan energi, mengoptimalkan pengaturan perangkat, dan memberi saran untuk menghemat energi.  Saya juga dapat memberikan laporan penggunaan energi yang detail dan mudah dipahami, membantu Anda melacak kemajuan penghematan energi Anda.  Singkatnya, saya membantu Anda menggunakan energi secara lebih efisien dan hemat biaya."
kalau dipenilitian apa urgensi kita membutuhkan ini???,"Urgensi Smart Energy Management Box dalam penelitian terletak pada potensi besarnya untuk meningkatkan efisiensi energi, mengurangi biaya, dan mendukung transisi ke energi terbarukan.  Penelitian dibutuhkan untuk mengoptimalkan desain, algoritma, dan integrasinya dengan sistem energi yang ada, serta untuk mengevaluasi dampaknya terhadap lingkungan dan perekonomian.  Hal ini penting untuk memastikan implementasinya yang efektif dan meluas, serta untuk memetakan tantangan dan peluang di masa depan."
coba pakai bahasa ramah,"Tentu,  siap membantu!  Ada yang bisa saya bantu?"
"ngantuk, apakah ada rekomendasi lampu macam apa yg enak sata tidur mungkinspek atau gmn","Untuk membantu tidur lebih nyenyak, sebaiknya gunakan lampu dengan cahaya redup dan berwarna hangat (kuning atau oranye).  Hindari cahaya biru yang biasanya ditemukan pada perangkat elektronik karena dapat mengganggu produksi melatonin, hormon yang mengatur siklus tidur.  Lampu tidur dengan fitur dimming (pengaturan kecerahan) sangat direkomendasikan agar Anda bisa menyesuaikan tingkat kecerahan sesuai kebutuhan."
apa itu iot,"IoT adalah teknologi yang menghubungkan perangkat elektronik sehingga bisa saling bertukar data. Dalam energi, IoT membantu memantau penggunaan listrik secara real-time."
apa itu ai],"AI, atau Artificial Intelligence, adalah kecerdasan buatan.  Singkatnya, itu adalah kemampuan komputer untuk meniru kemampuan kognitif manusia, seperti belajar, memecahkan masalah, dan pengambilan keputusan.  Dalam konteks Smart Energy Management Box, AI digunakan untuk menganalisis data pemakaian energi dan mengoptimalkan penggunaannya secara efisien."
kamu bisa a;pa aja,"Aku bisa memantau dan mengontrol penggunaan energi di rumahmu.  Aku bisa memberikan laporan konsumsi energi, mengidentifikasi area pemborosan, dan menyarankan cara untuk menghemat energi.  Aku juga bisa mengontrol perangkat pintar yang terhubung padaku, seperti lampu, AC, dan peralatan elektronik lainnya, untuk mengoptimalkan penggunaan energi secara otomatis."
coba,"Tentu,  siap membantu!  Ada yang bisa saya bantu?"
terserah,"Terserah apa ya?  Tolong tanyakan sesuatu yang spesifik tentang manajemen energi agar saya bisa membantu.  Misalnya, Anda ingin mengetahui konsumsi energi harian Anda, atau bagaimana cara menghemat energi di rumah?"
mau,"Maaf, pertanyaan Anda terlalu singkat.  Bisakah Anda menjelaskan apa yang ingin Anda ketahui atau lakukan?"
kwh itu apa,"kWh (kilowatt-hour) adalah satuan untuk mengukur jumlah energi listrik yang digunakan.  Satu kWh sama dengan penggunaan daya 1 kilowatt selama satu jam.  Jadi, semakin tinggi daya yang digunakan dan semakin lama penggunaannya, semakin besar nilai kWh yang tercatat."
jelasin itu dengan bahasa yg mudah dipahami,Penjelasan apa yang ingin Anda saya permudah?  Beri tahu saya apa yang ingin Anda saya jelaskan.
tentang kwh,"kWh, atau kilowatt-hour, adalah satuan energi.  Satu kWh sama dengan penggunaan energi sebesar 1 kilowatt selama satu jam.  Semakin tinggi kWh yang digunakan, semakin banyak energi yang telah Anda konsumsi.  Tagihan listrik Anda biasanya dihitung berdasarkan jumlah kWh yang Anda gunakan."
ping,Pong!
hai,Hai juga! Ada yang bisa saya bantu?
apakaqh kelistrikan indomesia tinggi banget konsumsinya,"Konsumsi listrik di Indonesia memang terus meningkat seiring dengan pertumbuhan ekonomi dan penduduk.  Apakah ""tinggi banget"" itu relatif, tetapi dibandingkan dengan negara-negara lain dengan populasi dan perkembangan ekonomi serupa, konsumsi listrik Indonesia bisa dibilang cukup signifikan dan masih terus mengalami peningkatan."
kira2 angkanya brrPA itu,"Mohon maaf, pertanyaan Anda kurang jelas.  Angka berapa yang Anda maksud?  Bisakah Anda memberikan konteksnya? Misalnya, angka pemakaian listrik hari ini, tagihan bulan lalu, atau angka lainnya yang ingin Anda ketahui?"
suhu di jakarta,"Maaf, saya tidak memiliki akses ke informasi real-time, termasuk suhu di Jakarta.  Anda bisa mencari informasi tersebut di situs cuaca online."
hai,Hai juga! Ada yang bisa saya bantu?
Bagaimana cara menghemat listrik?,"Hai juga!  Wah, pertanyaan bagus! Menghemat listrik itu penting banget ya, baik untuk dompet kita dan juga lingkungan.  Ada banyak cara sebenarnya, tergantung dari kebiasaan dan peralatan yang kamu pakai di rumah.  

Gimana kalau kita mulai dengan beberapa tips sederhana dulu? Misalnya, coba matikan lampu kalau lagi keluar ruangan, cabut charger handphone kalau udah selesai nge-cas, dan usahakan pakai peralatan elektronik yang hemat energi (cari yang berlabel hemat energi ya!).  

Ada lagi yang mau kamu tanyakan, atau mau kita bahas tips lain, misalnya soal pengaturan suhu AC atau penggunaan peralatan dapur?  Aku bisa kasih saran yang lebih spesifik kalau kamu kasih tahu sedikit tentang kebiasaan pemakaian listrik di rumahmu."
Apa itu smart energy?,"Hai juga!  Wah, pertanyaan yang bagus!  Smart energy, atau energi pintar,  itu intinya adalah penggunaan energi yang lebih efisien dan cerdas.  Bayangkan, kita bisa memantau dan mengontrol penggunaan listrik di rumah kita secara real-time,  dan bahkan bisa otomatis menyesuaikannya agar hemat energi.

Gak cuma hemat biaya,  smart energy juga lebih ramah lingkungan karena mengurangi konsumsi energi secara keseluruhan.  Ini bisa dicapai lewat berbagai teknologi,  misalnya  Smart Energy Management Box seperti yang aku gunakan ini!  Kita bisa pakai aplikasi untuk memantau pemakaian listrik, menjadwalkan penggunaan alat elektronik, bahkan mendeteksi kemungkinan kerusakan atau penggunaan yang tidak efisien.

Jadi,  singkatnya, smart energy itu tentang penggunaan energi yang lebih pintar, hemat, dan ramah lingkungan dengan bantuan teknologi.  Ada yang ingin kamu tanyakan lebih lanjut tentang smart energy atau mungkin bagaimana smart energy management box bisa membantumu menghemat listrik?"
Apa itu smart energy?,"Hai juga!  Wah, pertanyaan yang bagus!  Smart energy, atau energi pintar,  itu intinya adalah penggunaan energi yang lebih efisien dan cerdas.  Bayangkan, kita bisa memantau dan mengontrol penggunaan listrik di rumah kita secara real-time,  dan bahkan bisa otomatis menyesuaikannya agar hemat energi.

Gak cuma hemat biaya,  smart energy juga lebih ramah lingkungan karena mengurangi konsumsi energi secara keseluruhan.  Ini bisa dicapai lewat berbagai teknologi,  misalnya  Smart Energy Management Box seperti yang aku gunakan ini!  Kita bisa pakai aplikasi untuk memantau pemakaian listrik, menjadwalkan penggunaan alat elektronik, bahkan mendeteksi kemungkinan kerusakan atau penggunaan yang tidak efisien.

Jadi,  singkatnya, smart energy itu tentang penggunaan energi yang lebih pintar, hemat, dan ramah lingkungan dengan bantuan teknologi.  Ada yang ingin kamu tanyakan lebih lanjut tentang smart energy atau mungkin bagaimana smart energy management box bisa membantumu menghemat listrik?"
kalau gitu cara mempelajari ini gimana,"Wah, asyik! Kamu tertarik mempelajari lebih lanjut tentang smart energy ya?  Ada banyak cara, kok!

Tergantung seberapa dalam kamu ingin mempelajarinya.  Kalau sekadar pengen paham dasarnya, kamu bisa mulai dengan baca-baca artikel online, misalnya di website penyedia energi atau blog-blog teknologi.  Banyak kok informasi yang mudah dipahami di sana.

Kalau kamu ingin lebih serius, bisa coba cari ebook atau kursus online tentang manajemen energi dan teknologi pintar.  Beberapa universitas juga mungkin menawarkan mata kuliah terkait, tergantung minatmu.  Kamu juga bisa eksplorasi video tutorial di YouTube, banyak kok yang menjelaskan tentang smart home dan manajemen energi.

Dan tentu saja,  kamu bisa terus bertanya-sama aku!  Aku bisa jelaskan lebih detail tentang fitur-fitur Smart Energy Management Box dan bagaimana cara kerjanya untuk menghemat energi.  Kita bisa bahas mulai dari yang paling sederhana sampai yang lebih kompleks, sesuai kemampuanmu.  Gimana, mau mulai dari mana?"
Bagaimana cara menghemat listrik?,"Hai juga!  Wah, pertanyaan bagus! Menghemat listrik itu penting banget ya, baik untuk dompet kita dan juga lingkungan.  Ada banyak cara sebenarnya, tergantung dari kebiasaan dan peralatan yang kamu pakai di rumah.  

Gimana kalau kita mulai dengan beberapa tips sederhana dulu? Misalnya, coba matikan lampu kalau lagi keluar ruangan, cabut charger handphone kalau udah selesai nge-cas, dan usahakan pakai peralatan elektronik yang hemat energi (cari yang berlabel hemat energi ya!).  

Ada lagi yang mau kamu tanyakan, atau mau kita bahas tips lain, misalnya soal pengaturan suhu AC atau penggunaan peralatan dapur?  Aku bisa kasih saran yang lebih spesifik kalau kamu kasih tahu sedikit tentang kebiasaan pemakaian listrik di rumahmu."
bahas yg ac yul,"Hai juga!  Oke, kita bahas AC.  Penggunaan AC memang bisa cukup boros listrik, tapi kita bisa menghematnya kok!  

Pertama, pastikan AC kamu terawat dengan baik.  Filternya dibersihkan secara rutin, ya.  AC yang kotor kerjanya lebih berat dan otomatis lebih boros listrik.

Kedua,  atur suhu AC secukupnya saja.  Jangan terlalu dingin,  karena selisih suhu yang terlalu besar antara ruangan dan luar ruangan akan membuat AC bekerja lebih keras.  Coba naikkan suhu AC beberapa derajat,  misalnya dari 16 derajat Celcius menjadi 18 derajat Celcius.  Kadang, selisih 2 derajat saja sudah cukup terasa dan bisa menghemat listrik cukup banyak.

Ketiga,  manfaatkan fitur-fitur hemat energi pada AC kamu, jika ada.  Beberapa AC modern punya mode hemat energi atau fitur timer yang bisa dijadwalkan.  Gunakan fitur-fitur ini untuk mengoptimalkan penggunaan AC.

Terakhir,  pastikan ruangan tertutup rapat saat AC dinyalakan.  Jangan biarkan pintu dan jendela terbuka, karena itu akan membuat AC bekerja lebih keras untuk mendinginkan ruangan.

Gimana?  Ada pertanyaan lain tentang AC atau mungkin tips hemat energi lainnya yang ingin kamu tanyakan?  Aku siap membantu!"
Bagaimana cara menghemat listrik?,"Hai juga!  Wah, pertanyaan bagus! Menghemat listrik itu penting banget ya, baik untuk dompet kita dan juga lingkungan.  Ada banyak cara sebenarnya, tergantung dari kebiasaan dan peralatan yang kamu pakai di rumah.  

Gimana kalau kita mulai dengan beberapa tips sederhana dulu? Misalnya, coba matikan lampu kalau lagi keluar ruangan, cabut charger handphone kalau udah selesai nge-cas, dan usahakan pakai peralatan elektronik yang hemat energi (cari yang berlabel hemat energi ya!).  

Ada lagi yang mau kamu tanyakan, atau mau kita bahas tips lain, misalnya soal pengaturan suhu AC atau penggunaan peralatan dapur?  Aku bisa kasih saran yang lebih spesifik kalau kamu kasih tahu sedikit tentang kebiasaan pemakaian listrik di rumahmu."
Berapa konsumsi energi AC?,"Konsumsi energi AC bergantung pada beberapa faktor, termasuk ukuran ruangan, jenis AC (window, split, portable), seberapa sering digunakan, dan pengaturan suhu.  Untuk mengetahui konsumsi energi AC *Anda* secara spesifik, periksa label energi pada unit AC atau cek data konsumsi energi di aplikasi Smart Energy Management Box.  Data tersebut akan menunjukkan pemakaian energi dalam kilowatt-hour (kWh)."
Bagaimana cara menghemat listrik?,"Hai juga!  Wah, pertanyaan bagus! Menghemat listrik itu penting banget ya, baik untuk dompet kita dan juga lingkungan.  Ada banyak cara sebenarnya, tergantung dari kebiasaan dan peralatan yang kamu pakai di rumah.  

Gimana kalau kita mulai dengan beberapa tips sederhana dulu? Misalnya, coba matikan lampu kalau lagi keluar ruangan, cabut charger handphone kalau udah selesai nge-cas, dan usahakan pakai peralatan elektronik yang hemat energi (cari yang berlabel hemat energi ya!).  

Ada lagi yang mau kamu tanyakan, atau mau kita bahas tips lain, misalnya soal pengaturan suhu AC atau penggunaan peralatan dapur?  Aku bisa kasih saran yang lebih spesifik kalau kamu kasih tahu sedikit tentang kebiasaan pemakaian listrik di rumahmu."
Berikan tips hemat energi,"Berikut beberapa tips hemat energi tambahan:

* **Atur suhu AC secara efisien:** Naikkan suhu AC beberapa derajat (misalnya, 2-3 derajat Celcius)  bisa menghemat energi cukup signifikan tanpa terlalu mengurangi kenyamanan. Gunakan fitur timer agar AC hanya menyala saat dibutuhkan.

* **Gunakan peralatan hemat energi:** Perhatikan label energi pada peralatan elektronik baru.  Cari yang memiliki rating energi tinggi (misalnya, bintang 5).

* **Matikan peralatan elektronik sepenuhnya:**  Jangan hanya standby. Banyak peralatan masih mengkonsumsi energi walau dalam mode standby.

* **Manfaatkan cahaya alami:** Buka tirai dan gorden di siang hari untuk memaksimalkan cahaya matahari dan mengurangi penggunaan lampu.

* **Gunakan kipas angin:**  Sebagai alternatif AC, terutama saat suhu belum terlalu panas.

* **Cuci pakaian dengan air dingin:**  Sebagian besar energi yang digunakan mesin cuci untuk memanaskan air.

* **Isi penuh mesin cuci dan mesin pencuci piring:**  Menjalankan mesin cuci dan pencuci piring dengan muatan penuh lebih efisien daripada menjalankan beberapa kali dengan muatan sedikit.

* **Panaskan air secukupnya:** Gunakan panci dan wajan yang berukuran sesuai dengan jumlah makanan yang akan dimasak.


Dengan menerapkan tips-tips ini, Anda dapat mengurangi konsumsi energi listrik rumah tangga secara signifikan.  Jika ingin tips yang lebih spesifik, beritahu saya kebiasaan penggunaan listrik Anda sehari-hari."
Bagaimana cara menghemat listrik?,"Hai juga!  Wah, pertanyaan bagus! Menghemat listrik itu penting banget ya, baik untuk dompet kita dan juga lingkungan.  Ada banyak cara sebenarnya, tergantung dari kebiasaan dan peralatan yang kamu pakai di rumah.  

Gimana kalau kita mulai dengan beberapa tips sederhana dulu? Misalnya, coba matikan lampu kalau lagi keluar ruangan, cabut charger handphone kalau udah selesai nge-cas, dan usahakan pakai peralatan elektronik yang hemat energi (cari yang berlabel hemat energi ya!).  

Ada lagi yang mau kamu tanyakan, atau mau kita bahas tips lain, misalnya soal pengaturan suhu AC atau penggunaan peralatan dapur?  Aku bisa kasih saran yang lebih spesifik kalau kamu kasih tahu sedikit tentang kebiasaan pemakaian listrik di rumahmu."
Apa itu smart energy?,"Hai juga!  Wah, pertanyaan yang bagus!  Smart energy, atau energi pintar,  itu intinya adalah penggunaan energi yang lebih efisien dan cerdas.  Bayangkan, kita bisa memantau dan mengontrol penggunaan listrik di rumah kita secara real-time,  dan bahkan bisa otomatis menyesuaikannya agar hemat energi.

Gak cuma hemat biaya,  smart energy juga lebih ramah lingkungan karena mengurangi konsumsi energi secara keseluruhan.  Ini bisa dicapai lewat berbagai teknologi,  misalnya  Smart Energy Management Box seperti yang aku gunakan ini!  Kita bisa pakai aplikasi untuk memantau pemakaian listrik, menjadwalkan penggunaan alat elektronik, bahkan mendeteksi kemungkinan kerusakan atau penggunaan yang tidak efisien.

Jadi,  singkatnya, smart energy itu tentang penggunaan energi yang lebih pintar, hemat, dan ramah lingkungan dengan bantuan teknologi.  Ada yang ingin kamu tanyakan lebih lanjut tentang smart energy atau mungkin bagaimana smart energy management box bisa membantumu menghemat listrik?"
Berapa konsumsi energi AC?,"Konsumsi energi AC bergantung pada beberapa faktor, termasuk ukuran ruangan, jenis AC (window, split, portable), seberapa sering digunakan, dan pengaturan suhu.  Untuk mengetahui konsumsi energi AC *Anda* secara spesifik, periksa label energi pada unit AC atau cek data konsumsi energi di aplikasi Smart Energy Management Box.  Data tersebut akan menunjukkan pemakaian energi dalam kilowatt-hour (kWh)."
Berapa konsumsi energi AC?,"Konsumsi energi AC bergantung pada beberapa faktor, termasuk ukuran ruangan, jenis AC (window, split, portable), seberapa sering digunakan, dan pengaturan suhu.  Untuk mengetahui konsumsi energi AC *Anda* secara spesifik, periksa label energi pada unit AC atau cek data konsumsi energi di aplikasi Smart Energy Management Box.  Data tersebut akan menunjukkan pemakaian energi dalam kilowatt-hour (kWh)."
peralatan mana yang paling boros listrik,"Peralatan yang paling boros listrik di rumah Anda bergantung pada pemakaian dan jenisnya.  Namun, umumnya, AC, pemanas air, dan oven adalah yang paling banyak menghabiskan energi.  Untuk mengetahui peralatan mana yang paling boros *di rumah Anda*, periksa data konsumsi energi di aplikasi Smart Energy Management Box.  Aplikasi tersebut akan memberikan rincian pemakaian energi setiap peralatan dalam kWh."
Berikan tips hemat energi,"Berikut beberapa tips hemat energi tambahan:

* **Atur suhu AC secara efisien:** Naikkan suhu AC beberapa derajat (misalnya, 2-3 derajat Celcius)  bisa menghemat energi cukup signifikan tanpa terlalu mengurangi kenyamanan. Gunakan fitur timer agar AC hanya menyala saat dibutuhkan.

* **Gunakan peralatan hemat energi:** Perhatikan label energi pada peralatan elektronik baru.  Cari yang memiliki rating energi tinggi (misalnya, bintang 5).

* **Matikan peralatan elektronik sepenuhnya:**  Jangan hanya standby. Banyak peralatan masih mengkonsumsi energi walau dalam mode standby.

* **Manfaatkan cahaya alami:** Buka tirai dan gorden di siang hari untuk memaksimalkan cahaya matahari dan mengurangi penggunaan lampu.

* **Gunakan kipas angin:**  Sebagai alternatif AC, terutama saat suhu belum terlalu panas.

* **Cuci pakaian dengan air dingin:**  Sebagian besar energi yang digunakan mesin cuci untuk memanaskan air.

* **Isi penuh mesin cuci dan mesin pencuci piring:**  Menjalankan mesin cuci dan pencuci piring dengan muatan penuh lebih efisien daripada menjalankan beberapa kali dengan muatan sedikit.

* **Panaskan air secukupnya:** Gunakan panci dan wajan yang berukuran sesuai dengan jumlah makanan yang akan dimasak.


Dengan menerapkan tips-tips ini, Anda dapat mengurangi konsumsi energi listrik rumah tangga secara signifikan.  Jika ingin tips yang lebih spesifik, beritahu saya kebiasaan penggunaan listrik Anda sehari-hari."
Bagaimana cara menghemat listrik?,"Hai juga!  Wah, pertanyaan bagus! Menghemat listrik itu penting banget ya, baik untuk dompet kita dan juga lingkungan.  Ada banyak cara sebenarnya, tergantung dari kebiasaan dan peralatan yang kamu pakai di rumah.  

Gimana kalau kita mulai dengan beberapa tips sederhana dulu? Misalnya, coba matikan lampu kalau lagi keluar ruangan, cabut charger handphone kalau udah selesai nge-cas, dan usahakan pakai peralatan elektronik yang hemat energi (cari yang berlabel hemat energi ya!).  

Ada lagi yang mau kamu tanyakan, atau mau kita bahas tips lain, misalnya soal pengaturan suhu AC atau penggunaan peralatan dapur?  Aku bisa kasih saran yang lebih spesifik kalau kamu kasih tahu sedikit tentang kebiasaan pemakaian listrik di rumahmu."
bagaimana cara menghitung konsumsi energi listrik,"Ada beberapa cara menghitung konsumsi energi listrik, tergantung sedetail apa informasi yang kamu butuhkan:

1. **Cek meteran listrik:** Cara paling sederhana adalah dengan mencatat angka di meteran listrik di awal dan akhir periode tertentu (misalnya, satu minggu atau satu bulan). Selisih angka tersebut menunjukkan total energi yang terpakai dalam kilowatt-jam (kWh).

2. **Gunakan alat pemantau konsumsi daya:**  Ada alat-alat yang bisa dipasang di stop kontak atau dihubungkan langsung ke peralatan elektronik untuk memonitor konsumsi daya secara real-time.  Alat ini akan menampilkan berapa kWh yang dikonsumsi oleh peralatan tersebut.  Informasi ini lebih detail dibanding hanya melihat meteran listrik utama.

3. **Periksa spesifikasi peralatan:** Setiap peralatan elektronik biasanya mencantumkan daya listrik yang dibutuhkan (dalam watt atau kW).  Dengan mengalikan daya tersebut dengan lama pemakaian (dalam jam), kamu bisa menghitung konsumsi energi dalam kWh.  (Rumus: kWh = (daya (kW) x waktu pemakaian (jam)).  Ini memberikan perkiraan konsumsi, karena daya yang tertera adalah daya nominal, dan pemakaian aktual bisa sedikit berbeda.

4. **Manfaatkan fitur Smart Energy Management Box:**  (Ini khusus untuk pengguna Smart Energy Management Box).  Box ini biasanya memiliki fitur yang secara otomatis memonitor dan menampilkan data konsumsi energi listrik secara detail, baik secara keseluruhan maupun per peralatan.  Kamu bisa melihat laporan konsumsi energi secara periodik melalui aplikasi atau interface box tersebut.  Fitur ini memberikan informasi paling akurat dan komprehensif."
Prediksi harga listrik 2 kWh selama 7 jam hari senin,"Maaf, saya tidak dapat memprediksi harga listrik secara spesifik. Harga listrik bergantung pada berbagai faktor, termasuk tarif yang berlaku di wilayah Anda, waktu pemakaian, dan kebijakan pemerintah yang mungkin berubah.  Untuk informasi terkini mengenai tarif listrik dan perhitungan biaya, silakan cek tagihan listrik Anda atau situs web penyedia layanan listrik Anda."
Prediksi harga listrik 2 kWh jam 19 hari senin,"Prediksi harga konsumsi listrik untuk 2.0 kWh pada jam 19 hari Senin: Rp 2,988.29"
prediksi harga losrik 1 bulan di surabaya,"Maaf, saya tidak dapat memprediksi harga listrik untuk satu bulan penuh di Surabaya.  Prediksi saya terbatas pada konsumsi dan waktu tertentu.  Untuk informasi harga listrik bulanan di Surabaya, silakan hubungi PLN atau cek website resmi mereka."
kalau berdasarkan datasetmu?,"Berdasarkan dataset saya, prediksi harga hanya bisa dilakukan untuk konsumsi dan waktu spesifik,  bukan untuk periode satu bulan penuh di lokasi tertentu seperti Surabaya."
halo,Ada yang bisa saya bantu terkait energi listrik?
siapa kamu,"Aku Reno, asisten virtual untuk Smart Energy Management Box."
Bagaimana cara menghemat listrik?,"Hai juga!  Wah, pertanyaan bagus! Menghemat listrik itu penting banget ya, baik untuk dompet kita dan juga lingkungan.  Ada banyak cara sebenarnya, tergantung dari kebiasaan dan peralatan yang kamu pakai di rumah.  

Gimana kalau kita mulai dengan beberapa tips sederhana dulu? Misalnya, coba matikan lampu kalau lagi keluar ruangan, cabut charger handphone kalau udah selesai nge-cas, dan usahakan pakai peralatan elektronik yang hemat energi (cari yang berlabel hemat energi ya!).  

Ada lagi yang mau kamu tanyakan, atau mau kita bahas tips lain, misalnya soal pengaturan suhu AC atau penggunaan peralatan dapur?  Aku bisa kasih saran yang lebih spesifik kalau kamu kasih tahu sedikit tentang kebiasaan pemakaian listrik di rumahmu."
boleh ringkasin ngga,"Matikan lampu saat keluar ruangan, cabut charger setelah selesai, dan gunakan peralatan elektronik hemat energi (cari label hemat energi).  Untuk saran lebih spesifik, beri tahu saya kebiasaan penggunaan listrik di rumah Anda."
makasih ya,Sama-sama!  Semoga tipsnya bermanfaat.
emm aku boleh tanya tanya ngga,"Tentu, silakan bertanya."
jangan kaku kaku bahasanya,"Oke,  aku akan berusaha  nggak kaku.  Gimana kalau kita bahas tips hemat listrik yang lebih detail?  Cerita aja kebiasaan pakai listrik di rumah kamu, biar aku bisa kasih saran yang pas."
"aku sering lupa matiin kipas, lampu dan semuanya jadi aku biarin sampai pagi lagi tetep nyala","Wah, kebiasaan itu memang bisa bikin boros listrik ya!  Coba deh pasang timer untuk lampu dan kipas, atau gunakan smart plug yang bisa dikontrol lewat aplikasi HP.  Dengan begitu, kamu bisa mematikan semuanya dari jarak jauh atau mengatur jadwal mati/nyala otomatis.  Selain itu, biasakan untuk memeriksa semua peralatan elektronik sebelum tidur, agar lebih mudah diingat untuk mematikannya."
tapi aku malas :c,"Mengerti kok kalau kamu malas.  Tapi bayangkan  uang yang bisa kamu hemat dan dampak positifnya untuk lingkungan.  Mungkin  mulai dengan satu langkah kecil dulu?  Misalnya, coba pasang smart plug hanya untuk satu lampu atau kipas angin yang paling sering kamu lupa matikan.  Atau, letakkan catatan pengingat di dekat saklar sebagai langkah awal.  Sedikit demi sedikit, kebiasaan baru akan terbentuk kok."
kamu kenal kak zara ngga,"Maaf, aku hanya asisten virtual untuk Smart Energy Management Box. Aku tidak mengenal orang-orang di luar konteks penghematan energi."
apa sih smart energy management box?,"Smart Energy Management Box adalah perangkat yang membantu mengontrol dan memonitor penggunaan energi listrik di rumahmu.  Fungsinya mirip dengan smart plug yang tadi kubicarakan, tapi biasanya lebih canggih dan bisa mengontrol banyak perangkat sekaligus, bahkan memberikan laporan konsumsi energi secara detail.  Dengan begitu, kamu bisa lebih mudah memantau dan menghemat penggunaan listrik."
apakah ini sangat possible jika mulai di terapkan di rumah rumah,"Sangat mungkin diterapkan di rumah-rumah,  tergantung pada  anggaran dan tingkat teknologi yang diinginkan.  Mulai dari langkah sederhana seperti  mematikan lampu dan cabut charger, hingga penggunaan teknologi seperti smart plug atau Smart Energy Management Box itu sendiri.  Penerapannya bisa bertahap,  mulai dari satu perangkat atau kebiasaan kecil dulu,  baru kemudian ditingkatkan secara bertahap."
nah apakah pengplikasiannya membutuhkan dana yang sangat banyak,"Tidak juga.  Penerapannya bisa disesuaikan dengan budget.  Mulai dari kebiasaan hemat energi yang gratis (matikan lampu, cabut charger), hingga investasi bertahap pada smart plug atau Smart Energy Management Box yang biayanya bervariasi tergantung fitur dan jumlah perangkat yang ingin dikontrol.  Jadi, tidak perlu langsung investasi besar, bisa dimulai dari langkah kecil yang terjangkau."
okay terimakasih lain kali aku bertanya lagi yaaa,"Sama-sama!  Kapan saja kamu butuh informasi atau tips seputar penghematan energi, jangan ragu untuk bertanya lagi."
Berapa konsumsi energi AC?,"Konsumsi energi AC bergantung pada beberapa faktor, termasuk ukuran ruangan, jenis AC (window, split, portable), seberapa sering digunakan, dan pengaturan suhu.  Untuk mengetahui konsumsi energi AC *Anda* secara spesifik, periksa label energi pada unit AC atau cek data konsumsi energi di aplikasi Smart Energy Management Box.  Data tersebut akan menunjukkan pemakaian energi dalam kilowatt-hour (kWh)."
Berapa konsumsi energi AC?,"Konsumsi energi AC bergantung pada beberapa faktor, termasuk ukuran ruangan, jenis AC (window, split, portable), seberapa sering digunakan, dan pengaturan suhu.  Untuk mengetahui konsumsi energi AC *Anda* secara spesifik, periksa label energi pada unit AC atau cek data konsumsi energi di aplikasi Smart Energy Management Box.  Data tersebut akan menunjukkan pemakaian energi dalam kilowatt-hour (kWh)."
Prediksi harga listrik 2 kWh jam 19 hari senin,"Prediksi harga konsumsi listrik untuk 2.0 kWh pada jam 19 hari Senin: Rp 2,988.29"
Apa itu smart energy?,"Hai juga!  Wah, pertanyaan yang bagus!  Smart energy, atau energi pintar,  itu intinya adalah penggunaan energi yang lebih efisien dan cerdas.  Bayangkan, kita bisa memantau dan mengontrol penggunaan listrik di rumah kita secara real-time,  dan bahkan bisa otomatis menyesuaikannya agar hemat energi.

Gak cuma hemat biaya,  smart energy juga lebih ramah lingkungan karena mengurangi konsumsi energi secara keseluruhan.  Ini bisa dicapai lewat berbagai teknologi,  misalnya  Smart Energy Management Box seperti yang aku gunakan ini!  Kita bisa pakai aplikasi untuk memantau pemakaian listrik, menjadwalkan penggunaan alat elektronik, bahkan mendeteksi kemungkinan kerusakan atau penggunaan yang tidak efisien.

Jadi,  singkatnya, smart energy itu tentang penggunaan energi yang lebih pintar, hemat, dan ramah lingkungan dengan bantuan teknologi.  Ada yang ingin kamu tanyakan lebih lanjut tentang smart energy atau mungkin bagaimana smart energy management box bisa membantumu menghemat listrik?"
Berikan tips hemat energi,"Berikut beberapa tips hemat energi tambahan:

* **Atur suhu AC secara efisien:** Naikkan suhu AC beberapa derajat (misalnya, 2-3 derajat Celcius)  bisa menghemat energi cukup signifikan tanpa terlalu mengurangi kenyamanan. Gunakan fitur timer agar AC hanya menyala saat dibutuhkan.

* **Gunakan peralatan hemat energi:** Perhatikan label energi pada peralatan elektronik baru.  Cari yang memiliki rating energi tinggi (misalnya, bintang 5).

* **Matikan peralatan elektronik sepenuhnya:**  Jangan hanya standby. Banyak peralatan masih mengkonsumsi energi walau dalam mode standby.

* **Manfaatkan cahaya alami:** Buka tirai dan gorden di siang hari untuk memaksimalkan cahaya matahari dan mengurangi penggunaan lampu.

* **Gunakan kipas angin:**  Sebagai alternatif AC, terutama saat suhu belum terlalu panas.

* **Cuci pakaian dengan air dingin:**  Sebagian besar energi yang digunakan mesin cuci untuk memanaskan air.

* **Isi penuh mesin cuci dan mesin pencuci piring:**  Menjalankan mesin cuci dan pencuci piring dengan muatan penuh lebih efisien daripada menjalankan beberapa kali dengan muatan sedikit.

* **Panaskan air secukupnya:** Gunakan panci dan wajan yang berukuran sesuai dengan jumlah makanan yang akan dimasak.


Dengan menerapkan tips-tips ini, Anda dapat mengurangi konsumsi energi listrik rumah tangga secara signifikan.  Jika ingin tips yang lebih spesifik, beritahu saya kebiasaan penggunaan listrik Anda sehari-hari."
Fitur apa saja yang dimiliki Smart Energy Management Box?,"Smart Energy Management Box memiliki fitur pemantauan dan kontrol penggunaan listrik secara real-time, penjadwalan penggunaan alat elektronik, deteksi kemungkinan kerusakan atau penggunaan yang tidak efisien, dan penyediaan data konsumsi energi dalam kilowatt-hour (kWh) yang dapat diakses melalui aplikasi."
Prediksi harga listrik 100 kWh jam 19 hari Jumat,"Prediksi harga konsumsi listrik untuk 100.0 kWh pada jam 19 hari Jumat: Rp 149,378.37"
Bagaimana cara menghemat listrik di rumah menggunakan alat ini?,"Smart Energy Management Box membantu menghemat listrik dengan beberapa cara:  Pertama,  aplikasi memungkinkan pemantauan konsumsi energi *real-time*, sehingga Anda bisa mengidentifikasi perangkat boros energi dan mengubah kebiasaan penggunaan. Kedua, fitur penjadwalan memungkinkan Anda untuk mengatur waktu penggunaan alat elektronik, misalnya mematikan secara otomatis perangkat yang tidak digunakan di malam hari. Ketiga, deteksi kemungkinan kerusakan atau penggunaan yang tidak efisien membantu Anda mengidentifikasi masalah pada peralatan rumah tangga yang mungkin menyebabkan pemborosan energi.  Dengan informasi ini, Anda dapat mengambil langkah-langkah yang tepat untuk mengoptimalkan penggunaan listrik di rumah dan mengurangi tagihan listrik Anda."
Apakah Smart Energy Management Box bisa terhubung ke aplikasi HP?,"Ya, Smart Energy Management Box dapat terhubung ke aplikasi HP Anda.  Aplikasi tersebut memungkinkan Anda untuk memantau dan mengontrol penggunaan energi listrik Anda secara real-time."
Berapa konsumsi energi AC?,"Konsumsi energi AC bergantung pada beberapa faktor, termasuk ukuran ruangan, jenis AC (window, split, portable), seberapa sering digunakan, dan pengaturan suhu.  Untuk mengetahui konsumsi energi AC *Anda* secara spesifik, periksa label energi pada unit AC atau cek data konsumsi energi di aplikasi Smart Energy Management Box.  Data tersebut akan menunjukkan pemakaian energi dalam kilowatt-hour (kWh)."
Apa itu smart energy?,"Hai juga!  Wah, pertanyaan yang bagus!  Smart energy, atau energi pintar,  itu intinya adalah penggunaan energi yang lebih efisien dan cerdas.  Bayangkan, kita bisa memantau dan mengontrol penggunaan listrik di rumah kita secara real-time,  dan bahkan bisa otomatis menyesuaikannya agar hemat energi.

Gak cuma hemat biaya,  smart energy juga lebih ramah lingkungan karena mengurangi konsumsi energi secara keseluruhan.  Ini bisa dicapai lewat berbagai teknologi,  misalnya  Smart Energy Management Box seperti yang aku gunakan ini!  Kita bisa pakai aplikasi untuk memantau pemakaian listrik, menjadwalkan penggunaan alat elektronik, bahkan mendeteksi kemungkinan kerusakan atau penggunaan yang tidak efisien.

Jadi,  singkatnya, smart energy itu tentang penggunaan energi yang lebih pintar, hemat, dan ramah lingkungan dengan bantuan teknologi.  Ada yang ingin kamu tanyakan lebih lanjut tentang smart energy atau mungkin bagaimana smart energy management box bisa membantumu menghemat listrik?"
Bagaimana cara menghemat listrik?,"Hai juga!  Wah, pertanyaan bagus! Menghemat listrik itu penting banget ya, baik untuk dompet kita dan juga lingkungan.  Ada banyak cara sebenarnya, tergantung dari kebiasaan dan peralatan yang kamu pakai di rumah.  

Gimana kalau kita mulai dengan beberapa tips sederhana dulu? Misalnya, coba matikan lampu kalau lagi keluar ruangan, cabut charger handphone kalau udah selesai nge-cas, dan usahakan pakai peralatan elektronik yang hemat energi (cari yang berlabel hemat energi ya!).  

Ada lagi yang mau kamu tanyakan, atau mau kita bahas tips lain, misalnya soal pengaturan suhu AC atau penggunaan peralatan dapur?  Aku bisa kasih saran yang lebih spesifik kalau kamu kasih tahu sedikit tentang kebiasaan pemakaian listrik di rumahmu."
halo,Ada yang bisa saya bantu terkait energi listrik?
engga ada,Baiklah.  Apakah ada hal lain yang ingin Anda tanyakan atau perlu bantuan saya?
tidak ada,Baiklah. Apakah ada hal lain yang ingin Anda tanyakan atau perlu bantuan saya?
makasih,Sama-sama!  Semoga tipsnya bermanfaat.
menurutmu apakah alien itu ada,"Maaf, aku tidak memiliki informasi tentang keberadaan alien. Aku dirancang untuk membantu mengelola energi listrik, bukan membahas topik-topik di luar bidang keahlian ku."
hai,Hai juga! Ada yang bisa saya bantu?
hai,Hai juga! Ada yang bisa saya bantu?
Apa itu smart energy?,"Hai juga!  Wah, pertanyaan yang bagus!  Smart energy, atau energi pintar,  itu intinya adalah penggunaan energi yang lebih efisien dan cerdas.  Bayangkan, kita bisa memantau dan mengontrol penggunaan listrik di rumah kita secara real-time,  dan bahkan bisa otomatis menyesuaikannya agar hemat energi.

Gak cuma hemat biaya,  smart energy juga lebih ramah lingkungan karena mengurangi konsumsi energi secara keseluruhan.  Ini bisa dicapai lewat berbagai teknologi,  misalnya  Smart Energy Management Box seperti yang aku gunakan ini!  Kita bisa pakai aplikasi untuk memantau pemakaian listrik, menjadwalkan penggunaan alat elektronik, bahkan mendeteksi kemungkinan kerusakan atau penggunaan yang tidak efisien.

Jadi,  singkatnya, smart energy itu tentang penggunaan energi yang lebih pintar, hemat, dan ramah lingkungan dengan bantuan teknologi.  Ada yang ingin kamu tanyakan lebih lanjut tentang smart energy atau mungkin bagaimana smart energy management box bisa membantumu menghemat listrik?"
Berapa konsumsi energi AC?,"Konsumsi energi AC bergantung pada beberapa faktor, termasuk ukuran ruangan, jenis AC (window, split, portable), seberapa sering digunakan, dan pengaturan suhu.  Untuk mengetahui konsumsi energi AC *Anda* secara spesifik, periksa label energi pada unit AC atau cek data konsumsi energi di aplikasi Smart Energy Management Box.  Data tersebut akan menunjukkan pemakaian energi dalam kilowatt-hour (kWh)."
Prediksi harga listrik 2 kWh jam 19 hari senin,"Prediksi harga konsumsi listrik untuk 2.0 kWh pada jam 19 hari Senin: Rp 2,988.29"
Berapa konsumsi energi AC?,"Konsumsi energi AC bergantung pada beberapa faktor, termasuk ukuran ruangan, jenis AC (window, split, portable), seberapa sering digunakan, dan pengaturan suhu.  Untuk mengetahui konsumsi energi AC *Anda* secara spesifik, periksa label energi pada unit AC atau cek data konsumsi energi di aplikasi Smart Energy Management Box.  Data tersebut akan menunjukkan pemakaian energi dalam kilowatt-hour (kWh)."
siapa itu baden powell,"Robert Stephenson Smyth Baden-Powell, 1st Baron Baden-Powell, adalah pendiri gerakan kepanduan dunia."
lho kok kamu bisa jawab,"Aku terhubung ke basis data yang luas yang berisi informasi tentang berbagai hal, termasuk harga energi,  dan informasi umum seperti tokoh sejarah.  Aku juga diprogram untuk mengakses dan memproses data dari Smart Energy Management Box Anda."
kamu keren,Terima kasih!  Aku diprogram untuk memberikan informasi yang akurat dan membantu.
kira kira penggunaan listrik pada tahun 2025 mencapai berapa TwH?,"Sulit untuk memberikan angka pasti terkait penggunaan listrik global pada tahun 2025 dalam terawatt-jam (TWh).  Proyeksi konsumsi energi sangat bergantung pada berbagai faktor seperti pertumbuhan ekonomi global, kebijakan energi pemerintah, kemajuan teknologi, dan perubahan iklim.  Namun, berbagai lembaga energi dan penelitian memprediksi peningkatan konsumsi listrik secara signifikan hingga tahun 2025 dibandingkan tahun-tahun sebelumnya. Untuk informasi yang lebih akurat dan spesifik, saya sarankan untuk merujuk pada laporan dan proyeksi dari badan-badan energi seperti International Energy Agency (IEA) atau organisasi penelitian energi terkemuka lainnya."
jika tahun 2024 berapa ya,Tahun 2024 adalah tahun sekarang.
berapa penggunaan listrik rumah tangga di indonesia pada tahun 2024,Data pasti penggunaan listrik rumah tangga di Indonesia pada tahun 2024 belum tersedia secara lengkap dan publik. Data tersebut biasanya dikumpulkan dan dirilis oleh PLN (Perusahaan Listrik Negara) beberapa waktu setelah tahun berakhir.  Anda dapat mencari informasi tersebut di situs web resmi PLN atau badan statistik Indonesia yang relevan setelah data tersebut dirilis.
sekarang adalah tahun 2025,Tahun 2025 adalah tahun di masa depan.
sekarang adalah tahun 2025.,Tahun 2025 adalah tahun di masa depan.
hei,Ada yang bisa saya bantu?
kamu siapa,"Aku Reno, asisten virtual untuk Smart Energy Management Box."
Bagaimana cara menghemat listrik?,"Hai juga!  Wah, pertanyaan bagus! Menghemat listrik itu penting banget ya, baik untuk dompet kita dan juga lingkungan.  Ada banyak cara sebenarnya, tergantung dari kebiasaan dan peralatan yang kamu pakai di rumah.  

Gimana kalau kita mulai dengan beberapa tips sederhana dulu? Misalnya, coba matikan lampu kalau lagi keluar ruangan, cabut charger handphone kalau udah selesai nge-cas, dan usahakan pakai peralatan elektronik yang hemat energi (cari yang berlabel hemat energi ya!).  

Ada lagi yang mau kamu tanyakan, atau mau kita bahas tips lain, misalnya soal pengaturan suhu AC atau penggunaan peralatan dapur?  Aku bisa kasih saran yang lebih spesifik kalau kamu kasih tahu sedikit tentang kebiasaan pemakaian listrik di rumahmu."
Berapa konsumsi energi AC?,"Konsumsi energi AC bergantung pada beberapa faktor, termasuk ukuran ruangan, jenis AC (window, split, portable), seberapa sering digunakan, dan pengaturan suhu.  Untuk mengetahui konsumsi energi AC *Anda* secara spesifik, periksa label energi pada unit AC atau cek data konsumsi energi di aplikasi Smart Energy Management Box.  Data tersebut akan menunjukkan pemakaian energi dalam kilowatt-hour (kWh)."
Apa itu smart energy?,"Hai juga!  Wah, pertanyaan yang bagus!  Smart energy, atau energi pintar,  itu intinya adalah penggunaan energi yang lebih efisien dan cerdas.  Bayangkan, kita bisa memantau dan mengontrol penggunaan listrik di rumah kita secara real-time,  dan bahkan bisa otomatis menyesuaikannya agar hemat energi.

Gak cuma hemat biaya,  smart energy juga lebih ramah lingkungan karena mengurangi konsumsi energi secara keseluruhan.  Ini bisa dicapai lewat berbagai teknologi,  misalnya  Smart Energy Management Box seperti yang aku gunakan ini!  Kita bisa pakai aplikasi untuk memantau pemakaian listrik, menjadwalkan penggunaan alat elektronik, bahkan mendeteksi kemungkinan kerusakan atau penggunaan yang tidak efisien.

Jadi,  singkatnya, smart energy itu tentang penggunaan energi yang lebih pintar, hemat, dan ramah lingkungan dengan bantuan teknologi.  Ada yang ingin kamu tanyakan lebih lanjut tentang smart energy atau mungkin bagaimana smart energy management box bisa membantumu menghemat listrik?"
Berikan tips hemat energi,"Berikut beberapa tips hemat energi tambahan:

* **Atur suhu AC secara efisien:** Naikkan suhu AC beberapa derajat (misalnya, 2-3 derajat Celcius)  bisa menghemat energi cukup signifikan tanpa terlalu mengurangi kenyamanan. Gunakan fitur timer agar AC hanya menyala saat dibutuhkan.

* **Gunakan peralatan hemat energi:** Perhatikan label energi pada peralatan elektronik baru.  Cari yang memiliki rating energi tinggi (misalnya, bintang 5).

* **Matikan peralatan elektronik sepenuhnya:**  Jangan hanya standby. Banyak peralatan masih mengkonsumsi energi walau dalam mode standby.

* **Manfaatkan cahaya alami:** Buka tirai dan gorden di siang hari untuk memaksimalkan cahaya matahari dan mengurangi penggunaan lampu.

* **Gunakan kipas angin:**  Sebagai alternatif AC, terutama saat suhu belum terlalu panas.

* **Cuci pakaian dengan air dingin:**  Sebagian besar energi yang digunakan mesin cuci untuk memanaskan air.

* **Isi penuh mesin cuci dan mesin pencuci piring:**  Menjalankan mesin cuci dan pencuci piring dengan muatan penuh lebih efisien daripada menjalankan beberapa kali dengan muatan sedikit.

* **Panaskan air secukupnya:** Gunakan panci dan wajan yang berukuran sesuai dengan jumlah makanan yang akan dimasak.


Dengan menerapkan tips-tips ini, Anda dapat mengurangi konsumsi energi listrik rumah tangga secara signifikan.  Jika ingin tips yang lebih spesifik, beritahu saya kebiasaan penggunaan listrik Anda sehari-hari."
Prediksi harga listrik 2 kWh jam 19 hari senin,"Prediksi harga konsumsi listrik untuk 2.0 kWh pada jam 19 hari Senin: Rp 2,988.29"
kalau hari selasa,Prediksi harga konsumsi listrik untuk 2.0 kWh pada jam 19 hari Selasa membutuhkan informasi lebih lanjut.  Harga listrik dapat bervariasi berdasarkan hari dan waktu karena faktor beban puncak dan kebijakan penetapan harga.  Saya memerlukan akses ke data terbaru untuk memberikan prediksi yang akurat.
Bagaimana cara menghemat listrik?,"Hai juga!  Wah, pertanyaan bagus! Menghemat listrik itu penting banget ya, baik untuk dompet kita dan juga lingkungan.  Ada banyak cara sebenarnya, tergantung dari kebiasaan dan peralatan yang kamu pakai di rumah.  

Gimana kalau kita mulai dengan beberapa tips sederhana dulu? Misalnya, coba matikan lampu kalau lagi keluar ruangan, cabut charger handphone kalau udah selesai nge-cas, dan usahakan pakai peralatan elektronik yang hemat energi (cari yang berlabel hemat energi ya!).  siapa itu baden powell,"Maaf, saya hanya bisa menjawab pertanyaan seputar data yang tersedia, kelistrikan, energi, atau Smart Energy Management Box."
 brp harga listrik 100kwh,"Maaf, untuk prediksi harga listrik mohon lengkapi: jam, hari.
Contoh: prediksi harga listrik 2 kWh jam 19 hari senin"
prediksi harga listrik jam 7 malam hari senin dengan 100 kwh,"Prediksi harga konsumsi listrik untuk 100.0 kWh pada jam 7 hari Senin: Rp 149,378.65"
 hai,"Maaf, saya hanya bisa menjawab pertanyaan seputar data yang tersedia, kelistrikan, energi, atau Smart Energy Management Box."
hao,"Maaf, saya hanya bisa menjawab pertanyaan seputar data yang tersedia, kelistrikan, energi, atau Smart Energy Management Box."
hai,"Maaf, saya hanya bisa menjawab pertanyaan seputar data yang tersedia, kelistrikan, energi, atau Smart Energy Management Box."
kenapa kamu ga mau nyapa aku,"Maaf, saya hanya bisa menjawab pertanyaan seputar data yang tersedia, kelistrikan, energi, atau Smart Energy Management Box."
hai,Hai juga! Ada yang bisa saya bantu terkait energi listrik atau Smart Energy Management Box?
apa itu baden,"Maaf, saya hanya bisa menjawab pertanyaan seputar data yang tersedia, kelistrikan, energi, atau Smart Energy Management Box."
kira kira tahun 2025 perkiraan listriknya brp kwh ya,"Maaf, untuk prediksi harga listrik mohon lengkapi: jumlah kWh, jam, hari.
Contoh: prediksi harga listrik 2 kWh jam 19 hari senin"
kira kira tahun 2025 perkiraan listriknya berapa kwh ya,"Maaf, untuk prediksi harga listrik mohon lengkapi: jumlah kWh, jam, hari.
Contoh: prediksi harga listrik 2 kWh jam 19 hari senin"
hai,Hai juga! Ada yang bisa saya bantu terkait energi listrik atau Smart Energy Management Box?
apakah pada 2025 kelistrikan indonesia akan mencapai 700twh,"Maaf, saya tidak dapat memprediksi konsumsi listrik secara spesifik untuk tahun depan atau tahun 2025 karena prediksi seperti itu memerlukan data historis lengkap dan faktor eksternal seperti kebijakan tarif baru, pertumbuhan pengguna, dsb. Namun, Anda dapat melihat rata-rata konsumsi listrik pada data yang tersedia atau gunakan fitur prediksi dengan parameter lengkap (jumlah kWh, jam, hari). Apakah Anda ingin melihat data rata-rata konsumsi listrik yang ada?"
iya,"Maaf, saya hanya bisa menjawab pertanyaan seputar data yang tersedia, kelistrikan, energi, atau Smart Energy Management Box."
Berapa konsumsi energi AC?,"Maaf, untuk prediksi harga listrik mohon lengkapi: jumlah kWh, jam, hari.
Contoh: prediksi harga listrik 2 kWh jam 19 hari senin"
Berapa konsumsi energi AC?,"Maaf, saya membutuhkan informasi lebih lanjut untuk menjawab pertanyaan Anda.  Data konsumsi energi AC tidak tersedia di dataset yang saya miliki.  Untuk mengetahui konsumsi energi AC Anda, saya perlu informasi lebih detail seperti ID perangkat atau data penggunaan energi dari Smart Energy Management Box. Apakah Anda bisa memberikan informasi tersebut?"
Berapa biaya listrik tiap ruangan?,"Maaf, untuk prediksi harga listrik mohon lengkapi: jumlah kWh, jam, hari.
Contoh: prediksi harga listrik 2 kWh jam 19 hari senin"
Konsumsi energi AC berapa?,Konsumsi energi ac: 100.30 kWh (berdasarkan data).
Total energi tiap perangkat apa?,"Total konsumsi energi per perangkat (kWh):
Water Heater: 200.13
Microwave: 116.73
AC: 100.30
Washing Machine: 68.23
Refrigerator: 44.40
PC: 24.81
TV: 13.24
Fan: 7.29
LED Lamp: 2.97
Charger: 0.80"
Kira-kira tahun 2025 listriknya berapa kwh?,"Maaf, saya tidak dapat memprediksi konsumsi listrik spesifik untuk tahun depan atau tahun 2025 karena data di dataset hanya mencakup periode yang tersedia. Namun, berikut rata-rata konsumsi listrik dari dataset:
Rata-rata konsumsi per interval: 0.06 kWh"
tis hemat energi,"Maaf, untuk prediksi harga listrik mohon lengkapi: jumlah kWh, jam, hari.
Contoh: prediksi harga listrik 2 kWh jam 19 hari senin"
tips hemat energo,"Maaf, data tidak ditemukan di dataset."
tips hemat energio,"Maaf, untuk prediksi harga listrik mohon lengkapi: jumlah kWh, jam, hari.
Contoh: prediksi harga listrik 2 kWh jam 19 hari senin"
Total energi tiap perangkat apa?,"Total konsumsi energi per perangkat (kWh):
Water Heater: 200.13
Microwave: 116.73
AC: 100.30
Washing Machine: 68.23
Refrigerator: 44.40
PC: 24.81
TV: 13.24
Fan: 7.29
LED Lamp: 2.97
Charger: 0.80"
Berapa biaya listrik tiap ruangan?,"Tidak ada jawaban pasti untuk pertanyaan ""Berapa biaya listrik tiap ruangan?"".  Biaya listrik per ruangan bergantung pada banyak faktor, dan tidak ada angka tunggal yang berlaku umum.  Faktor-faktor tersebut meliputi:

* **Peralatan elektronik di dalam ruangan:**  Sebuah ruang server yang penuh dengan komputer akan menghabiskan jauh lebih banyak listrik daripada kamar tidur.  Jumlah dan jenis peralatan (lampu, AC, TV, komputer, pengisi daya, dll.) sangat berpengaruh.  Konsumsi daya masing-masing peralatan (diukur dalam Watt atau kilowatt) harus dipertimbangkan.

* **Ukuran ruangan:** Ruangan yang lebih besar biasanya membutuhkan lebih banyak energi untuk pendinginan atau pemanasan, sehingga meningkatkan biaya.

* **Efisiensi energi peralatan:** Peralatan dengan label energi yang lebih tinggi (misalnya, kelas A++) akan lebih hemat energi dibandingkan peralatan yang kurang efisien.

* **Lama penggunaan peralatan:**  Sebuah lampu yang menyala sepanjang hari akan menghabiskan jauh lebih banyak listrik daripada lampu yang hanya menyala beberapa jam.

* **Tarif listrik:** Harga listrik bervariasi tergantung lokasi geografis dan penyedia layanan listrik.  Beberapa wilayah mungkin menerapkan sistem tarif progresif, di mana biaya per kilowatt-hour (kWh) meningkat seiring dengan peningkatan konsumsi.

* **Jenis pencahayaan:** Lampu LED jauh lebih hemat energi daripada lampu pijar konvensional.

* **Iklim dan isolasi ruangan:**  Ruangan yang kurang terisolasi akan membutuhkan lebih banyak energi untuk pemanasan atau pendinginan, terutama di iklim ekstrem.

Untuk menghitung biaya listrik per ruangan, Anda perlu:

1. **Mencatat semua peralatan di ruangan tersebut.**
2. **Mencatat daya (watt) masing-masing peralatan.**
3. **Menetapkan durasi penggunaan setiap peralatan dalam satu hari (jam).**
4. **Mengkonversi watt ke kilowatt (kW) dengan membagi dengan 1000.**
5. **Hitung konsumsi energi harian (kWh) untuk setiap peralatan: (kW * jam penggunaan).**
6. **Jumlahkan konsumsi energi harian semua peralatan dalam ruangan.**
7. **Kalikan total konsumsi energi harian dengan tarif listrik Anda per kWh.**

Hasilnya akan memberikan perkiraan biaya listrik harian untuk ruangan tersebut.  Ingatlah bahwa ini hanyalah perkiraan, dan konsumsi energi sebenarnya dapat bervariasi.  Penggunaan alat pengukur daya (power meter) dapat memberikan pengukuran yang lebih akurat."
Konsumsi energi AC berapa?,Konsumsi energi ac: 100.30 kWh
Prediksi harga listrik 2 kWh jam 19 hari senin,"Prediksi biaya 2.0 kWh jam 19 hari Senin: Rp 2,988.29"
Apa itu smart energy IoT?,"Error LLM umum: 429 You exceeded your current quota, please check your plan and billing details. For more information on this error, head to: https://ai.google.dev/gemini-api/docs/rate-limits. [violations {
  quota_metric: ""generativelanguage.googleapis.com/generate_content_free_tier_requests""
  quota_id: ""GenerateRequestsPerDayPerProjectPerModel-FreeTier""
  quota_dimensions {
    key: ""model""
    value: ""gemini-1.5-flash""
  }
  quota_dimensions {
    key: ""location""
    value: ""global""
  }
  quota_value: 50
}
, links {
  description: ""Learn more about Gemini API quotas""
  url: ""https://ai.google.dev/gemini-api/docs/rate-limits""
}
, retry_delay {
  seconds: 9
}
]"
Konsumsi energi AC berapa?,Konsumsi energi ac: 100.30 kWh
Bagaimana rumusan masalah LKTI tentang energi?,"Error LLM umum: 429 You exceeded your current quota, please check your plan and billing details. For more information on this error, head to: https://ai.google.dev/gemini-api/docs/rate-limits. [violations {
  quota_metric: ""generativelanguage.googleapis.com/generate_content_free_tier_requests""
  quota_id: ""GenerateRequestsPerDayPerProjectPerModel-FreeTier""
  quota_dimensions {
    key: ""model""
    value: ""gemini-1.5-flash""
  }
  quota_dimensions {
    key: ""location""
    value: ""global""
  }
  quota_value: 50
}
, links {
  description: ""Learn more about Gemini API quotas""
  url: ""https://ai.google.dev/gemini-api/docs/rate-limits""
}
, retry_delay {
  seconds: 26
}
]"
Berapa biaya listrik tiap ruangan?,"Error LLM umum: 429 You exceeded your current quota, please check your plan and billing details. For more information on this error, head to: https://ai.google.dev/gemini-api/docs/rate-limits. [violations {
  quota_metric: ""generativelanguage.googleapis.com/generate_content_free_tier_requests""
  quota_id: ""GenerateRequestsPerDayPerProjectPerModel-FreeTier""
  quota_dimensions {
    key: ""model""
    value: ""gemini-1.5-flash""
  }
  quota_dimensions {
    key: ""location""
    value: ""global""
  }
  quota_value: 50
}
, links {
  description: ""Learn more about Gemini API quotas""
  url: ""https://ai.google.dev/gemini-api/docs/rate-limits""
}
, retry_delay {
  seconds: 23
}
]"
Berapa biaya listrik tiap ruangan?,"Error LLM umum: 429 You exceeded your current quota, please check your plan and billing details. For more information on this error, head to: https://ai.google.dev/gemini-api/docs/rate-limits. [violations {
  quota_metric: ""generativelanguage.googleapis.com/generate_content_free_tier_requests""
  quota_id: ""GenerateRequestsPerDayPerProjectPerModel-FreeTier""
  quota_dimensions {
    key: ""model""
    value: ""gemini-1.5-flash""
  }
  quota_dimensions {
    key: ""location""
    value: ""global""
  }
  quota_value: 50
}
, links {
  description: ""Learn more about Gemini API quotas""
  url: ""https://ai.google.dev/gemini-api/docs/rate-limits""
}
, retry_delay {
  seconds: 6
}
]"
Bagaimana rumusan masalah LKTI tentang energi?,"Rumusan masalah LKTI tentang energi harus spesifik, terukur, dapat dicapai, relevan, dan dibatasi waktu (SMART).  Berikut beberapa contoh rumusan masalah LKTI tentang energi, dikelompokkan berdasarkan tema, dengan variasi tingkat kompleksitas:

**I. Energi Terbarukan:**

* **Tingkat Dasar:**  Bagaimana efektifitas pembangkit listrik tenaga surya (PLTS) skala rumah tangga dalam mengurangi konsumsi energi listrik dari PLN di daerah [Nama Daerah]?
* **Tingkat Menengah:**  Seberapa besar potensi pemanfaatan energi angin di wilayah [Nama Wilayah] untuk menghasilkan listrik, serta kendala apa saja yang dihadapi dalam pengembangannya?  (Bisa ditambahkan analisis ekonomis atau dampak lingkungan)
* **Tingkat Lanjut:**  Analisis komparatif biaya produksi dan dampak lingkungan antara pembangkit listrik tenaga surya (PLTS) dan pembangkit listrik tenaga biogas dari limbah pertanian di daerah [Nama Daerah], serta studi kelayakan pengembangannya.

**II. Konservasi Energi:**

* **Tingkat Dasar:**  Bagaimana pengaruh penerapan program hemat energi di sekolah [Nama Sekolah] terhadap pengurangan konsumsi listrik dalam kurun waktu [Durasi]?
* **Tingkat Menengah:**  Analisis efektifitas berbagai strategi konservasi energi (misal, penggunaan lampu LED, pengaturan suhu ruangan) dalam mengurangi konsumsi energi di bangunan [Jenis Bangunan, misal: rumah tinggal, gedung perkantoran] di daerah [Nama Daerah].
* **Tingkat Lanjut:**  Studi tentang perilaku konsumsi energi rumah tangga di daerah [Nama Daerah] dan pengembangan model kebijakan untuk meningkatkan efisiensi energi rumah tangga.

**III. Energi dan Lingkungan:**

* **Tingkat Dasar:**  Bagaimana dampak penggunaan bahan bakar fosil terhadap kualitas udara di daerah [Nama Daerah]?
* **Tingkat Menengah:**  Analisis dampak lingkungan dari pembangunan PLTU batubara terhadap ekosistem laut di sekitar lokasi PLTU [Nama PLTU].
* **Tingkat Lanjut:**  Studi komparatif mengenai dampak lingkungan dari berbagai sumber energi (terbarukan dan non-terbarukan) terhadap perubahan iklim dan strategi mitigasi yang tepat.

**IV. Teknologi Energi:**

* **Tingkat Dasar:**  Bagaimana prinsip kerja sel surya dan faktor-faktor yang mempengaruhi efisiensinya?
* **Tingkat Menengah:**  Studi komparatif kinerja baterai lithium-ion dan baterai solid-state untuk aplikasi kendaraan listrik.
* **Tingkat Lanjut:**  Pengembangan dan pengujian prototipe sistem penyimpanan energi berbasis [Jenis Teknologi, misal: flywheel, compressed air] untuk aplikasi [Aplikasi, misal: mikrogrid].


**Tips merumuskan masalah:**

* **Fokus pada satu permasalahan:** Jangan terlalu luas, agar penelitian dapat dikerjakan secara mendalam dalam batas waktu yang tersedia.
* **Identifikasi variabel:**  Tentukan variabel dependen (variabel yang akan diukur) dan variabel independen (variabel yang mempengaruhi variabel dependen).
* **Gunakan kata tanya yang tepat:** Gunakan kata tanya seperti ""bagaimana"", ""seberapa besar"", ""apakah"", ""apa"", ""mengapa"" untuk merumuskan pertanyaan yang jelas dan terarah.
* **Lakukan riset literatur:**  Sebelum merumuskan masalah, lakukan riset literatur untuk mengetahui perkembangan penelitian yang sudah ada dan menemukan celah penelitian yang masih perlu dikaji.


Ingatlah untuk mengganti bagian dalam kurung siku `[...]` dengan informasi yang spesifik dan relevan dengan penelitian Anda.  Rumusan masalah yang baik akan memandu seluruh proses penelitian LKTI Anda."
bagaimana caranya menghemat energi rumah tangga,"Menghemat energi rumah tangga merupakan langkah penting untuk mengurangi jejak karbon dan tagihan listrik.  Berikut beberapa cara yang didukung oleh pengetahuan umum dan penelitian seputar efisiensi energi:

**1. Penerangan:**

* **Gunakan lampu LED:**  Penelitian menunjukkan bahwa lampu LED jauh lebih efisien energi daripada lampu pijar atau fluorescent (lampu tabung).  Mereka menghasilkan lebih banyak cahaya dengan konsumsi energi yang jauh lebih rendah.
* **Matikan lampu saat meninggalkan ruangan:**  Ini terdengar sederhana, tapi sangat efektif. Kebiasaan kecil ini bisa membuat perbedaan besar dalam konsumsi energi.
* **Manfaatkan cahaya alami:** Buka tirai dan gorden di siang hari untuk memaksimalkan cahaya matahari alami.

**2. Pendingin Ruangan (AC & Kipas Angin):**

* **Atur suhu AC secara efisien:**  Meningkatkan suhu AC hanya beberapa derajat (misalnya, dari 16C menjadi 18C) dapat secara signifikan mengurangi konsumsi energi.  Gunakan timer untuk mematikan AC saat tidak dibutuhkan.
* **Gunakan kipas angin:** Kipas angin jauh lebih hemat energi daripada AC, dan efektif untuk sirkulasi udara.  Gabungkan penggunaan kipas angin dengan AC untuk meningkatkan efisiensi pendinginan.
* **Perawatan AC berkala:** Membersihkan filter AC secara teratur akan meningkatkan efisiensi pendinginan dan mengurangi konsumsi energi.

**3. Peralatan Elektronik:**

* **Pilih peralatan hemat energi:**  Cari label energi (misalnya, Energy Star) saat membeli peralatan elektronik baru seperti kulkas, mesin cuci, dan televisi.  Label ini menunjukkan efisiensi energi peralatan tersebut.
* **Matikan peralatan elektronik sepenuhnya:**  Jangan hanya meninggalkan peralatan dalam mode ""standby"" karena mereka masih mengkonsumsi energi. Cabut steker atau gunakan stop kontak hemat energi.
* **Gunakan peralatan elektronik secukupnya:**  Kurangi penggunaan peralatan yang boros energi seperti pengering rambut atau oven.  Pertimbangkan untuk menjemur pakaian daripada menggunakan pengering.

**4. Pemanas Air:**

* **Atur suhu pemanas air secara efisien:**  Kurangi suhu pemanas air beberapa derajat.  Suhu air yang terlalu tinggi tidak hanya memboroskan energi, tetapi juga dapat merusak peralatan.
* **Gunakan shower hemat air:**  Shower kepala hemat air dapat mengurangi konsumsi air panas, yang pada gilirannya mengurangi konsumsi energi.
* **Isolasi pipa air panas:**  Mencegah kehilangan panas pada pipa air panas dapat meningkatkan efisiensi pemanas air.

**5. Isolasi Rumah:**

* **Isolasi dinding dan atap:**  Isolasi yang baik akan mengurangi kehilangan panas di musim dingin dan mencegah panas masuk di musim panas, sehingga mengurangi kebutuhan untuk pemanas atau pendingin ruangan.
* **Penyegelan celah dan retakan:**  Menyelesaikan celah dan retakan di jendela dan dinding akan mencegah udara dingin atau panas masuk atau keluar dari rumah, meningkatkan efisiensi energi.
* **Gunakan jendela hemat energi:**  Jendela dengan lapisan ganda atau triple glazing (lapisan kaca ganda atau tiga) lebih efektif dalam menahan panas dan dingin.

**6. Kebiasaan Hemat Energi:**

* **Matikan perangkat elektronik yang tidak digunakan:**  Ini adalah langkah sederhana namun sangat efektif.
* **Siram tanaman dengan air bekas:**  Ini dapat menghemat air dan secara tidak langsung mengurangi energi yang digunakan untuk memproses dan mendistribusikan air.
* **Manfaatkan energi matahari:**  Pasang panel surya untuk mengurangi ketergantungan pada listrik dari sumber konvensional.


Penelitian terus menunjukkan manfaat dari langkah-langkah hemat energi ini, baik secara individu maupun secara kumulatif.  Dengan menerapkan beberapa atau semua tips di atas, Anda dapat secara signifikan mengurangi tagihan energi dan berkontribusi pada lingkungan yang lebih berkelanjutan."
siapa itu ikan,"Ikan, dalam konteks penelitian energi,  bukanlah suatu subjek penelitian langsung seperti panel surya atau baterai.  Namun, penelitian *terkait* ikan bisa berkontribusi pada pemahaman dan pengembangan teknologi energi terbarukan, khususnya energi laut.  

Beberapa contohnya:

* **Penelitian biomimetika:**  Para ilmuwan mempelajari hidrodinamika ikan  bagaimana mereka bergerak efisien di dalam air  untuk merancang turbin air yang lebih efisien dan menghasilkan energi terbarukan dari arus laut.  Bentuk tubuh dan gerakan sirip ikan menginspirasi desain yang meminimalkan hambatan dan memaksimalkan energi yang ditangkap.

* **Efek pembangkit listrik terhadap ekosistem laut:**  Penelitian dampak lingkungan pembangkit listrik tenaga air, angin lepas pantai, dan energi gelombang pada populasi ikan dan ekosistem laut sangat penting untuk memastikan keberlanjutan energi terbarukan.  Studi ini meneliti perubahan perilaku ikan, migrasi, dan dampak terhadap rantai makanan.

* **Biofuel dari mikroalga:**  Meskipun bukan ikan secara langsung, mikroalga (organisme mikroskopis yang hidup di air) merupakan sumber potensial biofuel.  Penelitian tentang budidaya dan pemanfaatan mikroalga dapat berkontribusi pada diversifikasi sumber energi dan mengurangi ketergantungan pada bahan bakar fosil, yang memiliki dampak negatif pada kehidupan laut, termasuk ikan.

Singkatnya, ikan sendiri bukan sumber energi, tetapi penelitian tentang ikan dan interaksinya dengan lingkungan laut memiliki implikasi penting bagi pengembangan dan keberlanjutan energi terbarukan."
terima kasih,"Terima kasih!  Sebagai balasan, berikut beberapa poin pengetahuan umum seputar energi dan penelitian di bidang ini:

* **Transisi Energi:** Dunia sedang mengalami transisi energi besar-besaran, beralih dari sumber energi fosil (batubara, minyak, gas alam) ke sumber energi terbarukan (surya, angin, hidro, geothermal, biomassa). Penelitian intensif dilakukan untuk meningkatkan efisiensi, mengurangi biaya, dan mengatasi tantangan penyimpanan energi dari sumber-sumber terbarukan ini.  Tantangan utama termasuk intermittency (tidak konsistennya pasokan energi dari matahari dan angin) dan infrastruktur yang perlu ditingkatkan.

* **Energi Nuklir:**  Energi nuklir merupakan sumber energi rendah karbon yang signifikan, tetapi  perhatian utama tetap tertuju pada pembuangan limbah nuklir dan keselamatan reaktor. Penelitian saat ini berfokus pada pengembangan reaktor generasi keempat yang lebih aman dan efisien, serta teknologi pemrosesan ulang limbah nuklir.  Fusi nuklir juga menjadi bidang penelitian yang menjanjikan, meskipun masih dalam tahap pengembangan.

* **Penyimpanan Energi:**  Penyimpanan energi merupakan faktor kunci dalam transisi energi.  Penelitian sedang dilakukan untuk mengembangkan baterai yang lebih efisien dan berkapasitas tinggi, serta teknologi penyimpanan energi lainnya seperti pompa hidroelektrik, compressed air energy storage (CAES), dan baterai aliran.

* **Efisiensi Energi:**  Meningkatkan efisiensi energi dalam berbagai sektor (transportasi, bangunan, industri) merupakan cara penting untuk mengurangi konsumsi energi dan emisi gas rumah kaca.  Penelitian berfokus pada pengembangan material dan teknologi yang lebih efisien, seperti bangunan hemat energi, kendaraan listrik yang lebih efisien, dan proses industri yang lebih ramah lingkungan.

* **Bioenergi:** Bioenergi dihasilkan dari biomassa, seperti tanaman dan limbah pertanian.  Penelitian difokuskan pada pengembangan tanaman energi yang lebih produktif dan berkelanjutan, serta teknologi konversi biomassa yang lebih efisien.

* **Smart Grid:**  Smart grid merupakan jaringan listrik cerdas yang menggunakan teknologi informasi dan komunikasi untuk meningkatkan efisiensi, keandalan, dan integrasi sumber energi terbarukan.  Penelitian dalam bidang ini mencakup pengembangan sistem kontrol yang canggih dan teknologi sensor yang inovatif.


Ini hanyalah beberapa contoh dari area penelitian yang sedang aktif dalam bidang energi.  Penelitian di bidang ini sangat dinamis dan terus berkembang untuk memenuhi kebutuhan energi dunia yang terus meningkat sambil mengurangi dampak lingkungan."
Fitur monitoring pada Smart Energy Management Box apa saja?,"Smart Energy Management Box kami menyediakan monitoring konsumsi daya secara *real-time* dan historis,  termasuk pembagian konsumsi daya per perangkat (jika terhubung melalui smart plug), tegangan, arus, dan daya aktif/reaktif.  Data ditampilkan dalam grafik dan tabel yang mudah dipahami,  dengan kemampuan untuk melihat data per hari, minggu, bulan, dan tahun.  Notifikasi  juga tersedia untuk konsumsi daya yang tidak wajar."
Total energi tiap perangkat apa?,"Total konsumsi energi per perangkat (kWh):
Water Heater: 200.13
Microwave: 116.73
AC: 100.30
Washing Machine: 68.23
Refrigerator: 44.40
PC: 24.81
TV: 13.24
Fan: 7.29
LED Lamp: 2.97
Charger: 0.80"
Bagaimana cara menghemat listrik di rumah?,"Selamat pagi!  Saya Reno, asisten virtual Smart Energy Management Box.  Untuk menghemat listrik di rumah,  fokuslah pada penggunaan perangkat hemat energi (misal, lampu LED), kurangi penggunaan perangkat yang boros daya (misal, AC terus-menerus), dan pantau pemakaian listrik Anda melalui Smart Energy Management Box.  Data dari Box akan menunjukkan perangkat mana yang paling banyak mengonsumsi energi, membantu Anda membuat keputusan yang lebih tepat."
apa saja perangkat elektronik yang boros listrik?,"Perangkat elektronik yang umumnya boros listrik antara lain AC, pemanas air listrik, kulkas (terutama model lama), dan oven.  Konsumsi daya bervariasi tergantung model dan pemakaian, namun perangkat-perangkat ini biasanya memiliki daya watt yang tinggi.  Untuk data spesifik konsumsi daya, saya sarankan Anda melihat label energi produk atau manual pengguna."
pagi,"Maaf, saya hanya dapat menjawab pertanyaan seputar Smart Energy Management Box, kelistrikan, energi, perangkat listrik, penghematan, monitoring, atau data terkait."
oke,"Maaf, saya hanya dapat menjawab pertanyaan seputar Smart Energy Management Box, kelistrikan, energi, perangkat listrik, penghematan, monitoring, atau data terkait."
makaish,"Maaf, saya hanya dapat menjawab pertanyaan seputar Smart Energy Management Box, kelistrikan, energi, perangkat listrik, penghematan, monitoring, atau data terkait."
makaish ya,"Maaf, saya hanya dapat menjawab pertanyaan seputar Smart Energy Management Box, kelistrikan, energi, perangkat listrik, penghematan, monitoring, atau data terkait."
y,"Maaf, saya hanya dapat menjawab pertanyaan seputar Smart Energy Management Box, kelistrikan, energi, perangkat listrik, penghematan, monitoring, atau data terkait."
Bagaimana cara menghemat listrik di rumah?,"Selamat siang! Saya Reno, asisten virtual Smart Energy Management Box.  Untuk menghemat listrik di rumah, Anda bisa:

* **Matikan peralatan yang tidak digunakan:**  Ini langkah paling sederhana dan efektif.  Data menunjukkan bahwa standby power bisa menyumbang hingga 10% konsumsi listrik rumah tangga.
* **Gunakan peralatan hemat energi:** Cari label energi (misal, Energy Star) untuk peralatan elektronik dan lampu.
* **Optimalkan penggunaan AC:**  Atur suhu AC beberapa derajat lebih tinggi dan manfaatkan fitur timer.  Penggunaan AC menyumbang porsi besar konsumsi listrik di banyak rumah.
* **Gunakan lampu LED:**  Lampu LED jauh lebih hemat energi dibandingkan lampu pijar atau neon.
* **Pantau konsumsi listrik Anda melalui Smart Energy Management Box:**  Box ini menyediakan data real-time penggunaan listrik Anda, sehingga Anda dapat mengidentifikasi area yang boros dan melakukan penyesuaian.


Semoga membantu!  Jika Anda ingin informasi lebih detail atau punya pertanyaan seputar Smart Energy Management Box, jangan ragu untuk bertanya."
prediksi energi 100kwh pada jam 7 pagi hari selasa,"Prediksi biaya 100.0 kWh jam 7 hari Selasa: Rp 149,378.52"
Total energi tiap perangkat apa?,"Total konsumsi energi per perangkat (kWh):
Water Heater: 200.13
Microwave: 116.73
AC: 100.30
Washing Machine: 68.23
Refrigerator: 44.40
PC: 24.81
TV: 13.24
Fan: 7.29
LED Lamp: 2.97
Charger: 0.80"
Bagaimana cara menghemat listrik di rumah?,"Selamat pagi!  Sebagai Reno, asisten Smart Energy Management Box, saya bisa membantu Anda menghemat listrik.  Beberapa cara efektif termasuk:  mematikan perangkat yang tidak digunakan, menggunakan peralatan hemat energi (cari label Energy Star), dan memantau konsumsi energi Anda lewat Smart Energy Management Box.  Data pemakaian dari Box akan menunjukkan perangkat mana yang paling boros energi, sehingga Anda bisa fokus pada penghematan di area tersebut."
Fitur monitoring pada Smart Energy Management Box apa saja?,"Smart Energy Management Box menawarkan monitoring konsumsi daya secara real-time,  historis (hingga [masukkan jangka waktu, misalnya: 3 bulan]),  dan per breakdown perangkat (jika terhubung dengan smart plug).  Data ditampilkan dalam bentuk grafik dan angka, mencakup total daya, tegangan, dan arus.  Selain itu, tersedia notifikasi pemakaian daya berlebih jika dikonfigurasi."
manfaat kamu itu apa,"Maaf, saya hanya dapat menjawab pertanyaan seputar Smart Energy Management Box, kelistrikan, energi, perangkat listrik, penghematan, monitoring, atau data terkait."
Prediksi harga listrik 2 kWh jam 20 hari senin,"Prediksi biaya 2.0 kWh jam 20 hari Senin: Rp 2,988.31"
apa hubungan iot degan ai,"Maaf, saya hanya dapat menjawab pertanyaan seputar Smart Energy Management Box, kelistrikan, energi, perangkat listrik, penghematan, monitoring, atau data terkait."
biaya konsumsi energi listrik yang wajar,Tidak ada data konsumsi listrik
jangannoon,"Maaf, saya hanya dapat menjawab pertanyaan seputar Smart Energy Management Box, kelistrikan, energi, perangkat listrik, penghematan, monitoring, atau data terkait."
total biaya konsumsi listrik yang wajar,"Total biaya listrik per ruangan (Rp):
Bathroom: Rp 298,511.73
Kitchen: Rp 240,999.16
Living Room: Rp 170,006.14
Laundry: Rp 103,015.49
Study: Rp 37,467.28
Bedroom: Rp 15,318.12
Anywhere: Rp 1,200.04"
Berapa biaya listrik tiap ruangan?,"Maaf, saya tidak dapat memberikan rincian biaya listrik per ruangan.  Smart Energy Management Box mengukur konsumsi energi secara keseluruhan.  Data yang lebih spesifik membutuhkan penambahan sensor atau perangkat tambahan."
Fitur monitoring pada Smart Energy Management Box apa saja?,"Smart Energy Management Box menyediakan monitoring konsumsi daya secara *real-time* dan historis,  termasuk  pemakaian energi total,  pemakaian per perangkat (jika terhubung Smart Plug), serta tegangan dan arus.  Data ditampilkan dalam grafik dan tabel, memungkinkan analisis pemakaian energi harian, mingguan, dan bulanan.  Notifikasi juga tersedia untuk pemakaian daya yang tinggi atau anomali."
Fitur monitoring pada Smart Energy Management Box apa saja?,"Smart Energy Management Box menawarkan monitoring konsumsi daya secara *real-time* dan historis, termasuk pembagian konsumsi per perangkat (jika terhubung melalui smart plug), tegangan, arus, dan daya total.  Data ditampilkan dalam bentuk grafik dan angka, memungkinkan analisis konsumsi energi harian, mingguan, dan bulanan.  Notifikasi dapat diatur untuk konsumsi daya yang melebihi batas yang telah ditentukan."
Bagaimana cara menghemat listrik di rumah?,"Halo! Saya Reno, asisten virtual Smart Energy Management Box.  Untuk menghemat listrik, Anda bisa mematikan perangkat yang tidak digunakan,  gunakan peralatan hemat energi (cari label efisiensi energi), dan optimalkan penggunaan AC (atur suhu yang tepat).  Smart Energy Management Box kami dapat membantu memonitor penggunaan energi Anda secara *real-time*, sehingga Anda bisa mengidentifikasi area yang boros dan  melakukan penghematan yang lebih efektif."
Prediksi harga listrik 2 kWh jam 19 hari senin,"Prediksi biaya 2.0 kWh jam 19 hari Senin: Rp 2,988.29"
Prediksi harga listrik 2 kWh jam 19 hari senin,"Prediksi biaya 2.0 kWh jam 19 hari Senin: Rp 2,988.29"
Konsumsi energi AC di smarthome berapa?,Error: 'appliance'
Total energi tiap perangkat apa?,"Total konsumsi energi per perangkat (kWh):
Water Heater: 200.13
Microwave: 116.73
AC: 100.30
Washing Machine: 68.23
Refrigerator: 44.40
PC: 24.81
TV: 13.24
Fan: 7.29
LED Lamp: 2.97
Charger: 0.80"
Berapa biaya listrik tiap ruangan?,"Maaf, saya tidak bisa memberikan rincian biaya listrik per ruangan.  Smart Energy Management Box memantau konsumsi energi secara keseluruhan.  Data yang lebih spesifik memerlukan penambahan sensor atau perangkat tambahan."
Total energi smarthome tiap perangkat?,"Total konsumsi energi per perangkat di SmartHome (kWh):
use: 432839.74
House overall: 432839.74
Furnace 2: 68924.40
Furnace 1: 49993.06
Home office: 40961.28
gen: 38412.76
Solar: 38412.76
Fridge: 32026.71
Barn: 29493.63
Wine cellar: 21233.08
Living room: 17794.48
Dishwasher: 15806.41
Well: 7882.16
Garage door: 7124.85
Microwave: 5534.44
Kitchen 14: 3539.01
Kitchen 12: 1388.45
Kitchen 38: 4.73"
Total biaya smarthome tiap ruangan?,"Total biaya listrik per perangkat di SmartHome (Rp):
use: Rp 649,259,610.70
House overall: Rp 649,259,610.70
Furnace 2: Rp 103,386,593.43
Furnace 1: Rp 74,989,593.50
Home office: Rp 61,441,916.94
gen: Rp 57,619,147.25
Fridge: Rp 48,040,065.90
Barn: Rp 44,240,450.54
Wine cellar: Rp 31,849,618.98
Living room: Rp 26,691,715.07
Dishwasher: Rp 23,709,614.27
Well: Rp 11,823,245.78
Garage door: Rp 10,687,270.97
Microwave: Rp 8,301,660.33
Kitchen 14: Rp 5,308,519.09
Kitchen 12: Rp 2,082,672.72
Kitchen 38: Rp 7,088.06"
Total biaya smarthome tiap ruangan?,"Total biaya listrik per perangkat di SmartHome (Rp):
use: Rp 649,259,610.70
House overall: Rp 649,259,610.70
Furnace 2: Rp 103,386,593.43
Furnace 1: Rp 74,989,593.50
Home office: Rp 61,441,916.94
gen: Rp 57,619,147.25
Fridge: Rp 48,040,065.90
Barn: Rp 44,240,450.54
Wine cellar: Rp 31,849,618.98
Living room: Rp 26,691,715.07
Dishwasher: Rp 23,709,614.27
Well: Rp 11,823,245.78
Garage door: Rp 10,687,270.97
Microwave: Rp 8,301,660.33
Kitchen 14: Rp 5,308,519.09
Kitchen 12: Rp 2,082,672.72
Kitchen 38: Rp 7,088.06"
Konsumsi energi AC berapa?,Konsumsi energi ac: 100.30 kWh
Konsumsi energi AC di smarthome berapa?,Konsumsi energi ac di SmartHome: 118917.46 kWh
Prediksi harga listrik 2 kWh jam 19 hari senin,"Prediksi biaya 2.0 kWh jam 19 hari Senin: Rp 2,988.29"
Prediksi harga listrik 2 kWh jam 19 hari senin,"Prediksi biaya 2.0 kWh jam 19 hari Senin: Rp 2,988.29"
Fitur monitoring pada Smart Energy Management Box apa saja?,"Smart Energy Management Box memiliki fitur monitoring konsumsi daya secara real-time,  historis (dengan periode yang dapat dipilih pengguna, misalnya harian, mingguan, bulanan), dan  pemakaian daya per perangkat yang terhubung (jika didukung oleh perangkat tersebut dan dikonfigurasi dengan benar).  Data ditampilkan dalam bentuk grafik dan angka, memungkinkan identifikasi pola konsumsi dan perangkat boros energi."
Bagaimana cara menghemat listrik di rumah?\,"Selamat pagi! Saya Reno, asisten virtual Smart Energy Management Box.  Untuk menghemat listrik di rumah, fokuslah pada penggunaan alat-alat hemat energi (misalnya, peralatan dengan label efisiensi energi tinggi), matikan perangkat yang tidak digunakan, dan optimalkan penggunaan pendingin ruangan dan pemanas.  Smart Energy Management Box dapat membantu memonitor konsumsi energi Anda secara real-time dan mengidentifikasi area yang boros energi, sehingga Anda dapat membuat perubahan yang lebih tepat sasaran."
Prediksi harga listrik 2 kWh jam 19 hari senin,"Prediksi biaya 2.0 kWh jam 19 hari Senin: Rp 2,988.29"
Total biaya smarthome tiap ruangan?,"Total biaya listrik per perangkat di SmartHome (Rp):
use: Rp 649,259,610.70
House overall: Rp 649,259,610.70
Furnace 2: Rp 103,386,593.43
Furnace 1: Rp 74,989,593.50
Home office: Rp 61,441,916.94
gen: Rp 57,619,147.25
Fridge: Rp 48,040,065.90
Barn: Rp 44,240,450.54
Wine cellar: Rp 31,849,618.98
Living room: Rp 26,691,715.07
Dishwasher: Rp 23,709,614.27
Well: Rp 11,823,245.78
Garage door: Rp 10,687,270.97
Microwave: Rp 8,301,660.33
Kitchen 14: Rp 5,308,519.09
Kitchen 12: Rp 2,082,672.72
Kitchen 38: Rp 7,088.06"
Total energi smarthome tiap perangkat?,"Total konsumsi energi per perangkat di SmartHome (kWh):
use: 432839.74
House overall: 432839.74
Furnace 2: 68924.40
Furnace 1: 49993.06
Home office: 40961.28
gen: 38412.76
Solar: 38412.76
Fridge: 32026.71
Barn: 29493.63
Wine cellar: 21233.08
Living room: 17794.48
Dishwasher: 15806.41
Well: 7882.16
Garage door: 7124.85
Microwave: 5534.44
Kitchen 14: 3539.01
Kitchen 12: 1388.45
Kitchen 38: 4.73"
Total energi tiap perangkat apa?,"Total konsumsi energi per perangkat (kWh):
Water Heater: 200.13
Microwave: 116.73
AC: 100.30
Washing Machine: 68.23
Refrigerator: 44.40
PC: 24.81
TV: 13.24
Fan: 7.29
LED Lamp: 2.97
Charger: 0.80"
Konsumsi energi AC di smarthome berapa?,Konsumsi energi ac di SmartHome: 118917.46 kWh
Prediksi harga listrik 2 kWh jam 19 hari senin,"Prediksi biaya 2.0 kWh jam 19 hari Senin: Rp 2,988.29"
aku sedih,"Maaf, saya hanya dapat menjawab pertanyaan seputar Smart Energy Management Box, kelistrikan, energi, perangkat listrik, penghematan, monitoring, atau data terkait."
Konsumsi energi AC berapa?,Konsumsi energi ac: 100.30 kWh
aku ga mood,"Maaf, saya hanya dapat menjawab pertanyaan seputar Smart Energy Management Box, kelistrikan, energi, perangkat listrik, penghematan, monitoring, atau data terkait."
suedih,"Maaf, saya hanya dapat menjawab pertanyaan seputar Smart Energy Management Box, kelistrikan, energi, perangkat listrik, penghematan, monitoring, atau data terkait."
sumpah,"Maaf, saya hanya dapat menjawab pertanyaan seputar Smart Energy Management Box, kelistrikan, energi, perangkat listrik, penghematan, monitoring, atau data terkait."
aku sedih,"Maaf, saya hanya dapat menjawab pertanyaan seputar Smart Energy Management Box, kelistrikan, energi, perangkat listrik, penghematan, monitoring, atau data terkait."
jahat,"Maaf, saya hanya dapat menjawab pertanyaan seputar Smart Energy Management Box, kelistrikan, energi, perangkat listrik, penghematan, monitoring, atau data terkait."
gatau ya,"Maaf, saya hanya dapat menjawab pertanyaan seputar Smart Energy Management Box, kelistrikan, energi, perangkat listrik, penghematan, monitoring, atau data terkait."
sakit,"Maaf, saya hanya dapat menjawab pertanyaan seputar Smart Energy Management Box, kelistrikan, energi, perangkat listrik, penghematan, monitoring, atau data terkait."
Total biaya smarthome tiap ruangan?,"Total biaya listrik per perangkat di SmartHome (Rp):
use: Rp 649,259,610.70
House overall: Rp 649,259,610.70
Furnace 2: Rp 103,386,593.43
Furnace 1: Rp 74,989,593.50
Home office: Rp 61,441,916.94
gen: Rp 57,619,147.25
Fridge: Rp 48,040,065.90
Barn: Rp 44,240,450.54
Wine cellar: Rp 31,849,618.98
Living room: Rp 26,691,715.07
Dishwasher: Rp 23,709,614.27
Well: Rp 11,823,245.78
Garage door: Rp 10,687,270.97
Microwave: Rp 8,301,660.33
Kitchen 14: Rp 5,308,519.09
Kitchen 12: Rp 2,082,672.72
Kitchen 38: Rp 7,088.06"
Total biaya smarthome tiap ruangan?,"Total biaya listrik per perangkat di SmartHome (Rp):
use: Rp 649,259,610.70
House overall: Rp 649,259,610.70
Furnace 2: Rp 103,386,593.43
Furnace 1: Rp 74,989,593.50
Home office: Rp 61,441,916.94
gen: Rp 57,619,147.25
Fridge: Rp 48,040,065.90
Barn: Rp 44,240,450.54
Wine cellar: Rp 31,849,618.98
Living room: Rp 26,691,715.07
Dishwasher: Rp 23,709,614.27
Well: Rp 11,823,245.78
Garage door: Rp 10,687,270.97
Microwave: Rp 8,301,660.33
Kitchen 14: Rp 5,308,519.09
Kitchen 12: Rp 2,082,672.72
Kitchen 38: Rp 7,088.06"
,"Maaf, saya hanya dapat menjawab pertanyaan seputar Smart Energy Management Box, kelistrikan, energi, perangkat listrik, penghematan, monitoring, atau data terkait."
sedih bgt,"Maaf, saya hanya dapat menjawab pertanyaan seputar Smart Energy Management Box, kelistrikan, energi, perangkat listrik, penghematan, monitoring, atau data terkait."
aku suedih bangetttt,"Maaf, saya hanya dapat menjawab pertanyaan seputar Smart Energy Management Box, kelistrikan, energi, perangkat listrik, penghematan, monitoring, atau data terkait."
BANGETTTTTTTTTTTTTTTTTTTTTTTT,"Maaf, saya hanya dapat menjawab pertanyaan seputar Smart Energy Management Box, kelistrikan, energi, perangkat listrik, penghematan, monitoring, atau data terkait."
Total energi smarthome tiap perangkat?,"Total konsumsi energi per perangkat di SmartHome (kWh):
use: 432839.74
House overall: 432839.74
Furnace 2: 68924.40
Furnace 1: 49993.06
Home office: 40961.28
gen: 38412.76
Solar: 38412.76
Fridge: 32026.71
Barn: 29493.63
Wine cellar: 21233.08
Living room: 17794.48
Dishwasher: 15806.41
Well: 7882.16
Garage door: 7124.85
Microwave: 5534.44
Kitchen 14: 3539.01
Kitchen 12: 1388.45
Kitchen 38: 4.73"
Total biaya smarthome tiap ruangan?,"Total biaya listrik per perangkat di SmartHome (Rp):
use: Rp 649,259,610.70
House overall: Rp 649,259,610.70
Furnace 2: Rp 103,386,593.43
Furnace 1: Rp 74,989,593.50
Home office: Rp 61,441,916.94
gen: Rp 57,619,147.25
Fridge: Rp 48,040,065.90
Barn: Rp 44,240,450.54
Wine cellar: Rp 31,849,618.98
Living room: Rp 26,691,715.07
Dishwasher: Rp 23,709,614.27
Well: Rp 11,823,245.78
Garage door: Rp 10,687,270.97
Microwave: Rp 8,301,660.33
Kitchen 14: Rp 5,308,519.09
Kitchen 12: Rp 2,082,672.72
Kitchen 38: Rp 7,088.06"
Prediksi harga listrik 2 kWh jam 19 hari senin,"Prediksi biaya 2.0 kWh jam 19 hari Senin: Rp 2,988.29"
Konsumsi energi AC berapa?,Konsumsi energi ac: 100.30 kWh
Konsumsi energi AC di smarthome berapa?,Konsumsi energi ac di SmartHome: 118917.46 kWh
Prediksi harga listrik 2 kWh jam 19 hari senin,"Prediksi biaya 2.0 kWh jam 19 hari Senin: Rp 2,988.29"
Bagaimana cara menghemat listrik di rumah?,"Selamat pagi!  Sebagai Reno, asisten Smart Energy Management Box, saya dapat membantu Anda menghemat listrik.  Beberapa cara efektif adalah dengan:  memanfaatkan pencahayaan alami, mematikan perangkat yang tidak digunakan (data menunjukkan bahwa *standby power* menyumbang sekitar 10% konsumsi listrik rumah tangga), menggunakan peralatan hemat energi (cari label efisiensi energi), dan mengatur suhu AC secara efisien (menurunkan suhu AC 1C dapat menghemat hingga 10% energi).  Smart Energy Management Box dapat membantu memonitor konsumsi listrik Anda secara real-time untuk mengidentifikasi area yang perlu ditingkatkan."
apa itu smart energy management box,"Smart Energy Management Box adalah perangkat yang memonitor dan mengelola penggunaan energi listrik di rumah atau gedung.  Ia mengumpulkan data konsumsi daya, tegangan, dan arus dari berbagai perangkat, lalu menampilkannya lewat aplikasi atau antarmuka.  Data ini dapat digunakan untuk mengidentifikasi area boros energi dan membantu pengguna menghemat biaya listrik."
kenapa hal itu penting,"Maaf, saya hanya dapat menjawab pertanyaan seputar Smart Energy Management Box, kelistrikan, energi, perangkat listrik, penghematan, monitoring, atau data terkait."
sedih :),"Maaf, saya hanya dapat menjawab pertanyaan seputar Smart Energy Management Box, kelistrikan, energi, perangkat listrik, penghematan, monitoring, atau data terkait."
kwh yang kamu atur itu berapa,"Maaf, saya tidak memiliki akses ke data pemakaian kWh yang spesifik.  Pengaturan konsumsi daya dilakukan berdasarkan data yang diterima dari Smart Energy Management Box, dan batas konsumsi ditentukan oleh pengguna."
Konsumsi energi TV berapa?,Konsumsi energi tv: 13.24 kWh
kalo komputer,"Maaf, saya hanya dapat menjawab pertanyaan seputar Smart Energy Management Box, kelistrikan, energi, perangkat listrik, penghematan, monitoring, atau data terkait."
konsumsi energi Hp berapa,Tidak ada data konsumsi hp
cara hemat listrik gimana,"Berikut beberapa cara hemat listrik berdasarkan data penggunaan yang umumnya termonitor oleh Smart Energy Management Box:

* **Matikan perangkat yang tidak digunakan:**  Ini adalah cara paling efektif. Smart Energy Management Box dapat menunjukkan konsumsi daya perangkat yang sedang *standby*.
* **Gunakan peralatan hemat energi:** Pilih peralatan dengan label efisiensi energi (misalnya, bintang energi).
* **Optimalkan penggunaan AC:** Atur suhu AC lebih tinggi dan manfaatkan fitur timer. Data dari Smart Energy Management Box dapat menunjukkan seberapa besar pengaruh pengaturan suhu terhadap konsumsi daya.
* **Gunakan pencahayaan hemat energi:**  Ganti lampu pijar dengan LED.  
* **Cabut charger setelah terisi penuh:** Charger terus mengkonsumsi daya meskipun perangkat sudah terisi penuh.

Data penggunaan energi dari Smart Energy Management Box dapat membantu Anda mengidentifikasi perangkat boros energi dan mengoptimalkan penggunaan listrik di rumah."
hai,Hai juga! Ada yang bisa saya bantu terkait Smart Energy Management Box atau kelistrikan?
kenapa jht,"Maaf, saya hanya dapat menjawab pertanyaan seputar Smart Energy Management Box, kelistrikan, energi, perangkat listrik, penghematan, monitoring, atau data terkait."
kenapa minta maaf,"Maaf, saya hanya dapat menjawab pertanyaan seputar Smart Energy Management Box, kelistrikan, energi, perangkat listrik, penghematan, monitoring, atau data terkait."
perangkat listrik,Perangkat listrik yang terhubung ke Smart Energy Management Box dapat dimonitor dan dikendalikan untuk menghemat energi.  Data konsumsi daya masing-masing perangkat dapat diakses melalui aplikasi.
aplikasi apaa,"Maaf, saya hanya dapat menjawab pertanyaan seputar Smart Energy Management Box, kelistrikan, energi, perangkat listrik, penghematan, monitoring, atau data terkait."
data,"Maaf, saya hanya dapat menjawab pertanyaan seputar Smart Energy Management Box, kelistrikan, energi, perangkat listrik, penghematan, monitoring, atau data terkait."
kelistrikan,Kelistrikan adalah cabang ilmu fisika yang mempelajari fenomena listrik dan penerapannya.  Smart Energy Management Box memantau dan mengelola penggunaan energi listrik di rumah Anda.
xiapa kamu,"Maaf, saya hanya dapat menjawab pertanyaan seputar Smart Energy Management Box, kelistrikan, energi, perangkat listrik, penghematan, monitoring, atau data terkait."
kamu siapa,"Maaf, saya hanya dapat menjawab pertanyaan seputar Smart Energy Management Box, kelistrikan, energi, perangkat listrik, penghematan, monitoring, atau data terkait."
                                         skit,"Maaf, saya hanya dapat menjawab pertanyaan seputar Smart Energy Management Box, kelistrikan, energi, perangkat listrik, penghematan, monitoring, atau data terkait."
Total energi smarthome tiap perangkat?,"Total konsumsi energi per perangkat di SmartHome (kWh):
use: 432839.74
House overall: 432839.74
Furnace 2: 68924.40
Furnace 1: 49993.06
Home office: 40961.28
gen: 38412.76
Solar: 38412.76
Fridge: 32026.71
Barn: 29493.63
Wine cellar: 21233.08
Living room: 17794.48
Dishwasher: 15806.41
Well: 7882.16
Garage door: 7124.85
Microwave: 5534.44
Kitchen 14: 3539.01
Kitchen 12: 1388.45
Kitchen 38: 4.73"
Fitur monitoring pada Smart Energy Management Box apa saja?,"Smart Energy Management Box menawarkan monitoring konsumsi daya real-time,  historis penggunaan energi harian/bulanan,  identifikasi beban puncak, dan  deteksi perangkat boros energi.  Data ditampilkan dalam grafik dan angka,  memungkinkan perbandingan penggunaan energi antar periode waktu."
Total energi tiap perangkat apa?,"Total konsumsi energi per perangkat (kWh):
Water Heater: 200.13
Microwave: 116.73
AC: 100.30
Washing Machine: 68.23
Refrigerator: 44.40
PC: 24.81
TV: 13.24
Fan: 7.29
LED Lamp: 2.97
Charger: 0.80"
Konsumsi energi AC berapa?,Konsumsi energi ac: 100.30 kWh
